timestamp,co_m,eth_m,voc_m,no2,c2h50h_gm,voc_gm,co_gm
0,46.24,74.06,19.36,0.92,0.96,0.82,0.13
100,52.38,87.18,22.30,0.92,0.96,0.82,0.13
200,44.90,71.28,18.73,0.92,0.96,0.82,0.13
300,45.57,72.66,19.05,0.92,0.96,0.82,0.13
400,46.24,74.06,19.36,0.92,0.96,0.82,0.13
500,46.24,74.06,19.36,0.92,0.96,0.82,0.13
600,46.24,74.06,19.36,0.92,0.96,0.82,0.13
700,46.24,74.06,19.36,0.92,0.96,0.82,0.13
800,45.57,72.66,19.05,0.92,0.96,0.82,0.13
900,46.24,74.06,19.36,0.92,0.96,0.82,0.13
1000,46.24,74.06,19.36,0.92,0.96,0.82,0.14
1100,46.24,74.06,19.36,0.92,0.96,0.82,0.14
1200,46.91,75.47,19.68,0.92,0.96,0.82,0.14
1300,45.57,72.66,19.05,0.92,0.96,0.82,0.14
1400,46.24,74.06,19.36,0.92,0.96,0.82,0.14
1500,45.57,72.66,19.05,0.92,0.96,0.82,0.14
1600,45.57,72.66,19.05,0.92,0.96,0.82,0.14
1700,46.24,74.06,19.36,0.92,0.96,0.82,0.14
1800,46.24,74.06,19.36,0.92,0.96,0.82,0.14
1900,45.57,72.66,19.05,0.92,0.96,0.82,0.14
2000,46.24,74.06,19.36,0.92,0.96,0.82,0.14
2100,46.24,74.06,19.36,0.92,0.96,0.82,0.14
2200,46.24,74.06,19.36,0.92,0.96,0.83,0.14
2300,48.26,78.32,20.32,0.92,0.96,0.83,0.14
2400,46.91,75.47,19.68,0.92,0.96,0.83,0.14
2500,47.58,76.89,20.00,0.92,0.96,0.83,0.14
2600,47.58,76.89,20.00,0.93,0.96,0.83,0.14
2700,46.24,74.06,19.36,0.92,0.96,0.83,0.14
2800,46.24,74.06,19.36,0.93,0.96,0.83,0.14
2900,47.58,76.89,20.00,0.92,0.96,0.83,0.14
3000,46.91,75.47,19.68,0.93,0.96,0.83,0.14
3100,46.91,75.47,19.68,0.92,0.96,0.83,0.14
3200,47.58,76.89,20.00,0.92,0.96,0.83,0.14
3300,48.26,78.32,20.32,0.92,0.96,0.83,0.14
3400,47.58,76.89,20.00,0.93,0.96,0.83,0.14
3500,46.91,75.47,19.68,0.93,0.96,0.83,0.14
3600,47.58,76.89,20.00,0.93,0.96,0.83,0.14
3700,47.58,76.89,20.00,0.93,0.96,0.83,0.14
3800,47.58,76.89,20.00,0.93,0.96,0.83,0.14
3900,46.91,75.47,19.68,0.93,0.96,0.83,0.14
4000,47.58,76.89,20.00,0.93,0.96,0.83,0.14
4100,47.58,76.89,20.00,0.93,0.96,0.83,0.14
4200,48.94,79.77,20.65,0.93,0.96,0.83,0.14
4300,46.91,75.47,19.68,0.93,0.96,0.83,0.14
4400,47.58,76.89,20.00,0.93,0.96,0.83,0.14
4500,47.58,76.89,20.00,0.93,0.96,0.83,0.14
4600,47.58,76.89,20.00,0.93,0.96,0.83,0.14
4700,48.26,78.32,20.32,0.93,0.96,0.83,0.14
4800,47.58,76.89,20.00,0.93,0.96,0.83,0.14
4900,47.58,76.89,20.00,0.93,0.96,0.83,0.14
5000,48.26,78.32,20.32,0.93,0.96,0.83,0.14
5100,50.30,82.69,21.30,0.93,0.96,0.83,0.14
5200,49.62,81.22,20.98,0.93,0.96,0.83,0.15
5300,48.94,79.77,20.65,0.93,0.96,0.83,0.15
5400,48.94,79.77,20.65,0.93,0.96,0.83,0.15
5500,48.26,78.32,20.32,0.93,0.96,0.83,0.15
5600,48.26,78.32,20.32,0.93,0.96,0.83,0.15
5700,48.26,78.32,20.32,0.93,0.96,0.83,0.15
5800,47.58,76.89,20.00,0.93,0.96,0.83,0.15
5900,48.26,78.32,20.32,0.93,0.96,0.83,0.14
6000,47.58,76.89,20.00,0.93,0.96,0.83,0.15
6100,49.62,81.22,20.98,0.93,0.96,0.83,0.15
6200,48.94,79.77,20.65,0.93,0.96,0.83,0.15
6300,48.94,79.77,20.65,0.93,0.96,0.83,0.15
6400,48.26,78.32,20.32,0.93,0.96,0.83,0.15
6500,48.26,78.32,20.32,0.93,0.96,0.83,0.15
6600,48.94,79.77,20.65,0.93,0.96,0.83,0.15
6700,48.26,78.32,20.32,0.93,0.96,0.83,0.15
6800,48.26,78.32,20.32,0.93,0.96,0.83,0.15
6900,48.94,79.77,20.65,0.93,0.96,0.83,0.15
7000,47.58,76.89,20.00,0.93,0.96,0.83,0.15
7100,48.26,78.32,20.32,0.93,0.96,0.83,0.15
7200,48.94,79.77,20.65,0.93,0.96,0.83,0.15
7300,48.26,78.32,20.32,0.93,0.96,0.83,0.15
7400,48.94,79.77,20.65,0.93,0.96,0.83,0.15
7500,48.94,79.77,20.65,0.93,0.96,0.83,0.15
7600,48.94,79.77,20.65,0.93,0.96,0.83,0.15
7700,48.26,78.32,20.32,0.93,0.96,0.83,0.15
7800,48.94,79.77,20.65,0.93,0.96,0.83,0.15
7900,48.94,79.77,20.65,0.93,0.96,0.83,0.15
8000,48.94,79.77,20.65,0.93,0.96,0.83,0.15
8100,48.94,79.77,20.65,0.93,0.96,0.83,0.15
8200,48.94,79.77,20.65,0.93,0.96,0.84,0.15
8300,48.94,79.77,20.65,0.93,0.96,0.84,0.15
8400,48.94,79.77,20.65,0.93,0.96,0.84,0.15
8500,48.94,79.77,20.65,0.93,0.96,0.83,0.15
8600,49.62,81.22,20.98,0.93,0.96,0.84,0.15
8700,49.62,81.22,20.98,0.93,0.96,0.84,0.15
8800,48.94,79.77,20.65,0.93,0.96,0.83,0.15
8900,49.62,81.22,20.98,0.93,0.96,0.84,0.15
9000,49.62,81.22,20.98,0.93,0.96,0.84,0.15
9100,49.62,81.22,20.98,0.93,0.96,0.83,0.15
9200,50.30,82.69,21.30,0.93,0.96,0.84,0.15
9300,48.94,79.77,20.65,0.93,0.96,0.84,0.15
9400,49.62,81.22,20.98,0.93,0.96,0.84,0.15
9500,49.62,81.22,20.98,0.93,0.96,0.84,0.15
9600,50.30,82.69,21.30,0.93,0.96,0.84,0.15
9700,48.94,79.77,20.65,0.93,0.96,0.84,0.15
9800,48.94,79.77,20.65,0.93,0.96,0.84,0.15
9900,48.94,79.77,20.65,0.93,0.96,0.84,0.15
10000,48.94,79.77,20.65,0.93,0.96,0.84,0.15
10100,48.94,79.77,20.65,0.93,0.96,0.84,0.15
10200,49.62,81.22,20.98,0.93,0.96,0.84,0.15
10300,48.94,79.77,20.65,0.93,0.96,0.84,0.15
10400,49.62,81.22,20.98,0.93,0.96,0.84,0.15
10500,50.30,82.69,21.30,0.93,0.96,0.84,0.15
10600,49.62,81.22,20.98,0.93,0.96,0.84,0.15
10700,49.62,81.22,20.98,0.93,0.96,0.84,0.15
10800,50.30,82.69,21.30,0.93,0.96,0.84,0.15
10900,50.30,82.69,21.30,0.93,0.96,0.84,0.15
11000,50.30,82.69,21.30,0.93,0.96,0.84,0.15
11100,49.62,81.22,20.98,0.93,0.96,0.84,0.15
11200,49.62,81.22,20.98,0.93,0.96,0.84,0.15
11300,50.30,82.69,21.30,0.93,0.96,0.84,0.15
11400,50.99,84.18,21.64,0.93,0.96,0.84,0.15
11500,50.30,82.69,21.30,0.93,0.96,0.84,0.15
11600,49.62,81.22,20.98,0.93,0.96,0.84,0.15
11700,50.99,84.18,21.64,0.93,0.96,0.84,0.15
11800,50.30,82.69,21.30,0.93,0.96,0.84,0.15
11900,50.99,84.18,21.64,0.93,0.96,0.84,0.15
12000,49.62,81.22,20.98,0.93,0.96,0.84,0.15
12100,49.62,81.22,20.98,0.93,0.96,0.84,0.15
12200,49.62,81.22,20.98,0.93,0.96,0.84,0.15
12300,49.62,81.22,20.98,0.93,0.96,0.84,0.15
12400,49.62,81.22,20.98,0.93,0.96,0.84,0.15
12500,50.30,82.69,21.30,0.93,0.96,0.84,0.15
12600,49.62,81.22,20.98,0.93,0.96,0.84,0.15
12700,49.62,81.22,20.98,0.93,0.96,0.84,0.15
12800,50.30,82.69,21.30,0.93,0.96,0.84,0.15
12900,50.30,82.69,21.30,0.93,0.96,0.84,0.15
13000,50.30,82.69,21.30,0.93,0.96,0.84,0.15
13100,49.62,81.22,20.98,0.93,0.96,0.84,0.15
13200,49.62,81.22,20.98,0.93,0.96,0.84,0.15
13300,50.30,82.69,21.30,0.93,0.96,0.84,0.15
13400,51.68,85.67,21.97,0.93,0.96,0.84,0.15
13500,50.99,84.18,21.64,0.93,0.96,0.84,0.15
13600,49.62,81.22,20.98,0.93,0.96,0.84,0.15
13700,51.68,85.67,21.97,0.93,0.96,0.84,0.15
13800,50.30,82.69,21.30,0.93,0.96,0.84,0.15
13900,50.30,82.69,21.30,0.93,0.96,0.84,0.15
14000,50.30,82.69,21.30,0.93,0.96,0.84,0.15
14100,50.30,82.69,21.30,0.93,0.96,0.84,0.15
14200,50.30,82.69,21.30,0.93,0.96,0.84,0.15
14300,50.99,84.18,21.64,0.93,0.96,0.84,0.15
14400,50.30,82.69,21.30,0.93,0.96,0.84,0.15
14500,51.68,85.67,21.97,0.93,0.96,0.84,0.15
14600,50.30,82.69,21.30,0.93,0.96,0.84,0.15
14700,51.68,85.67,21.97,0.93,0.96,0.84,0.15
14800,50.99,84.18,21.64,0.93,0.96,0.84,0.15
14900,52.38,87.18,22.30,0.93,0.96,0.84,0.15
15000,50.99,84.18,21.64,0.93,0.96,0.84,0.15
15100,50.30,82.69,21.30,0.93,0.96,0.84,0.15
15200,51.68,85.67,21.97,0.93,0.96,0.84,0.15
15300,50.30,82.69,21.30,0.93,0.96,0.84,0.15
15400,50.30,82.69,21.30,0.93,0.96,0.84,0.15
15500,50.30,82.69,21.30,0.93,0.96,0.84,0.14
15600,50.30,82.69,21.30,0.93,0.96,0.84,0.14
15700,51.68,85.67,21.97,0.93,0.96,0.84,0.14
15800,51.68,85.67,21.97,0.93,0.96,0.84,0.14
15900,50.30,82.69,21.30,0.93,0.96,0.84,0.14
16000,50.30,82.69,21.30,0.93,0.96,0.84,0.14
16100,51.68,85.67,21.97,0.92,0.96,0.84,0.14
16200,50.30,82.69,21.30,0.92,0.96,0.84,0.14
16300,50.30,82.69,21.30,0.92,0.96,0.84,0.14
16400,50.30,82.69,21.30,0.92,0.96,0.84,0.14
16500,52.38,87.18,22.30,0.92,0.96,0.84,0.14
16600,50.30,82.69,21.30,0.92,0.96,0.84,0.14
16700,48.94,79.77,20.65,0.92,0.96,0.84,0.14
16800,50.30,82.69,21.30,0.92,0.96,0.84,0.14
16900,50.99,84.18,21.64,0.92,0.96,0.84,0.14
17000,50.30,82.69,21.30,0.92,0.96,0.84,0.14
17100,50.30,82.69,21.30,0.92,0.96,0.83,0.14
17200,49.62,81.22,20.98,0.92,0.96,0.84,0.14
17300,49.62,81.22,20.98,0.92,0.96,0.83,0.14
17400,49.62,81.22,20.98,0.92,0.96,0.83,0.14
17500,49.62,81.22,20.98,0.92,0.96,0.83,0.14
17600,49.62,81.22,20.98,0.92,0.96,0.83,0.14
17700,49.62,81.22,20.98,0.92,0.96,0.83,0.14
17800,49.62,81.22,20.98,0.92,0.96,0.83,0.14
17900,49.62,81.22,20.98,0.92,0.96,0.83,0.13
18000,50.30,82.69,21.30,0.92,0.96,0.83,0.13
18100,49.62,81.22,20.98,0.92,0.96,0.83,0.13
18200,48.94,79.77,20.65,0.92,0.96,0.83,0.13
18300,50.30,82.69,21.30,0.92,0.96,0.83,0.13
18400,48.94,79.77,20.65,0.92,0.96,0.83,0.13
18500,48.94,79.77,20.65,0.92,0.96,0.83,0.13
18600,49.62,81.22,20.98,0.92,0.96,0.83,0.13
18700,48.94,79.77,20.65,0.91,0.96,0.83,0.13
18800,48.94,79.77,20.65,0.91,0.96,0.83,0.13
18900,48.94,79.77,20.65,0.91,0.96,0.83,0.13
19000,48.94,79.77,20.65,0.91,0.96,0.83,0.13
19100,48.94,79.77,20.65,0.91,0.96,0.83,0.13
19200,48.94,79.77,20.65,0.91,0.96,0.83,0.13
19300,48.94,79.77,20.65,0.91,0.96,0.83,0.13
19400,48.26,78.32,20.32,0.91,0.96,0.83,0.13
19500,48.94,79.77,20.65,0.91,0.96,0.83,0.13
19600,48.94,79.77,20.65,0.91,0.96,0.83,0.13
19700,49.62,81.22,20.98,0.91,0.96,0.82,0.13
19800,48.26,78.32,20.32,0.91,0.96,0.83,0.13
19900,48.26,78.32,20.32,0.91,0.96,0.83,0.13
20000,48.26,78.32,20.32,0.91,0.96,0.83,0.12
20100,48.26,78.32,20.32,0.91,0.96,0.82,0.12
20200,48.94,79.77,20.65,0.91,0.96,0.82,0.12
20300,48.26,78.32,20.32,0.91,0.96,0.82,0.12
20400,48.26,78.32,20.32,0.91,0.96,0.82,0.12
20500,48.26,78.32,20.32,0.91,0.96,0.82,0.12
20600,49.62,81.22,20.98,0.91,0.96,0.82,0.12
20700,48.26,78.32,20.32,0.91,0.96,0.82,0.12
20800,48.26,78.32,20.32,0.91,0.96,0.82,0.12
20900,48.26,78.32,20.32,0.91,0.96,0.82,0.12
21000,48.26,78.32,20.32,0.91,0.96,0.82,0.12
21100,48.94,79.77,20.65,0.91,0.96,0.82,0.12
21200,48.94,79.77,20.65,0.91,0.96,0.82,0.12
21300,48.26,78.32,20.32,0.91,0.96,0.82,0.12
21400,48.94,79.77,20.65,0.91,0.96,0.82,0.12
21500,48.26,78.32,20.32,0.91,0.96,0.82,0.12
21600,48.94,79.77,20.65,0.91,0.96,0.82,0.12
21700,48.26,78.32,20.32,0.91,0.96,0.82,0.12
21800,48.26,78.32,20.32,0.91,0.96,0.82,0.12
21900,46.91,75.47,19.68,0.91,0.96,0.82,0.12
22000,47.58,76.89,20.00,0.90,0.96,0.82,0.12
22100,47.58,76.89,20.00,0.91,0.96,0.82,0.12
22200,47.58,76.89,20.00,0.91,0.96,0.82,0.12
22300,47.58,76.89,20.00,0.90,0.96,0.81,0.12
22400,46.91,75.47,19.68,0.90,0.96,0.81,0.12
22500,47.58,76.89,20.00,0.90,0.96,0.81,0.12
22600,46.91,75.47,19.68,0.90,0.96,0.81,0.12
22700,46.91,75.47,19.68,0.90,0.96,0.81,0.12
22800,48.26,78.32,20.32,0.90,0.96,0.81,0.12
22900,46.24,74.06,19.36,0.91,0.96,0.81,0.12
23000,46.91,75.47,19.68,0.91,0.96,0.81,0.12
23100,46.91,75.47,19.68,0.90,0.96,0.81,0.12
23200,47.58,76.89,20.00,0.90,0.96,0.81,0.12
23300,46.24,74.06,19.36,0.90,0.96,0.81,0.12
23400,46.24,74.06,19.36,0.90,0.96,0.81,0.12
23500,46.24,74.06,19.36,0.90,0.96,0.81,0.12
23600,46.24,74.06,19.36,0.90,0.96,0.81,0.12
23700,46.91,75.47,19.68,0.90,0.96,0.81,0.12
23800,47.58,76.89,20.00,0.90,0.96,0.81,0.12
23900,47.58,76.89,20.00,0.90,0.95,0.81,0.12
24000,45.57,72.66,19.05,0.90,0.96,0.81,0.12
24100,46.24,74.06,19.36,0.90,0.96,0.81,0.12
24200,48.26,78.32,20.32,0.90,0.95,0.81,0.12
24300,45.57,72.66,19.05,0.90,0.95,0.81,0.12
24400,45.57,72.66,19.05,0.90,0.96,0.81,0.12
24500,45.57,72.66,19.05,0.90,0.96,0.81,0.12
24600,45.57,72.66,19.05,0.90,0.96,0.81,0.12
24700,44.90,71.28,18.73,0.90,0.96,0.81,0.12
24800,45.57,72.66,19.05,0.90,0.95,0.81,0.12
24900,44.24,69.91,18.42,0.90,0.96,0.81,0.12
25000,44.90,71.28,18.73,0.90,0.96,0.81,0.12
25100,44.90,71.28,18.73,0.90,0.96,0.81,0.12
25200,44.90,71.28,18.73,0.90,0.95,0.81,0.12
25300,44.24,69.91,18.42,0.90,0.95,0.80,0.12
25400,45.57,72.66,19.05,0.90,0.96,0.80,0.12
25500,44.90,71.28,18.73,0.90,0.96,0.80,0.12
25600,44.24,69.91,18.42,0.90,0.95,0.80,0.12
25700,44.24,69.91,18.42,0.90,0.96,0.80,0.12
25800,43.58,68.55,18.11,0.90,0.95,0.80,0.12
25900,43.58,68.55,18.11,0.90,0.95,0.80,0.12
26000,44.24,69.91,18.42,0.90,0.95,0.80,0.12
26100,44.24,69.91,18.42,0.90,0.95,0.80,0.12
26200,44.24,69.91,18.42,0.90,0.95,0.80,0.12
26300,44.24,69.91,18.42,0.90,0.96,0.80,0.11
26400,44.90,71.28,18.73,0.90,0.96,0.80,0.12
26500,44.24,69.91,18.42,0.90,0.95,0.80,0.11
26600,43.58,68.55,18.11,0.90,0.95,0.80,0.12
26700,44.24,69.91,18.42,0.90,0.95,0.80,0.12
26800,42.92,67.20,17.80,0.90,0.95,0.80,0.12
26900,43.58,68.55,18.11,0.90,0.96,0.80,0.11
27000,44.24,69.91,18.42,0.90,0.95,0.80,0.11
27100,43.58,68.55,18.11,0.90,0.95,0.80,0.11
27200,43.58,68.55,18.11,0.90,0.95,0.80,0.11
27300,42.92,67.20,17.80,0.90,0.95,0.80,0.11
27400,44.24,69.91,18.42,0.90,0.95,0.79,0.11
27500,43.58,68.55,18.11,0.90,0.95,0.79,0.11
27600,43.58,68.55,18.11,0.90,0.95,0.79,0.11
27700,43.58,68.55,18.11,0.90,0.95,0.79,0.11
27800,43.58,68.55,18.11,0.89,0.95,0.79,0.11
27900,42.27,65.87,17.49,0.90,0.95,0.79,0.11
28000,42.92,67.20,17.80,0.90,0.95,0.79,0.11
28100,44.24,69.91,18.42,0.89,0.95,0.79,0.11
28200,42.27,65.87,17.49,0.89,0.95,0.79,0.11
28300,42.92,67.20,17.80,0.89,0.95,0.79,0.11
28400,42.27,65.87,17.49,0.89,0.95,0.79,0.11
28500,42.92,67.20,17.80,0.89,0.95,0.79,0.11
28600,42.92,67.20,17.80,0.89,0.95,0.79,0.11
28700,42.27,65.87,17.49,0.89,0.95,0.79,0.11
28800,43.58,68.55,18.11,0.89,0.95,0.79,0.11
28900,42.92,67.20,17.80,0.89,0.95,0.79,0.11
29000,41.62,64.55,17.19,0.89,0.95,0.78,0.11
29100,42.92,67.20,17.80,0.89,0.95,0.78,0.11
29200,42.92,67.20,17.80,0.89,0.95,0.78,0.11
29300,42.27,65.87,17.49,0.89,0.95,0.78,0.11
29400,42.27,65.87,17.49,0.89,0.95,0.78,0.11
29500,42.27,65.87,17.49,0.89,0.95,0.78,0.11
29600,40.97,63.23,16.89,0.89,0.95,0.78,0.11
29700,40.97,63.23,16.89,0.89,0.95,0.78,0.11
29800,41.62,64.55,17.19,0.89,0.95,0.78,0.11
29900,40.97,63.23,16.89,0.89,0.95,0.78,0.11
30000,42.92,67.20,17.80,0.89,0.95,0.78,0.11
30100,42.92,67.20,17.80,0.89,0.95,0.78,0.11
30200,41.62,64.55,17.19,0.89,0.95,0.78,0.11
30300,41.62,64.55,17.19,0.89,0.95,0.78,0.11
30400,40.97,63.23,16.89,0.89,0.95,0.78,0.11
30500,40.97,63.23,16.89,0.89,0.95,0.78,0.11
30600,41.62,64.55,17.19,0.89,0.95,0.77,0.11
30700,40.97,63.23,16.89,0.89,0.95,0.77,0.11
30800,40.33,61.94,16.58,0.89,0.95,0.77,0.11
30900,41.62,64.55,17.19,0.89,0.95,0.77,0.11
31000,41.62,64.55,17.19,0.89,0.95,0.77,0.11
31100,40.33,61.94,16.58,0.89,0.95,0.77,0.11
31200,40.97,63.23,16.89,0.89,0.95,0.77,0.11
31300,40.33,61.94,16.58,0.89,0.95,0.77,0.11
31400,40.33,61.94,16.58,0.89,0.95,0.77,0.11
31500,39.69,60.65,16.29,0.89,0.95,0.77,0.11
31600,39.69,60.65,16.29,0.89,0.95,0.77,0.11
31700,39.69,60.65,16.29,0.89,0.95,0.77,0.11
31800,40.33,61.94,16.58,0.89,0.95,0.77,0.11
31900,39.69,60.65,16.29,0.89,0.95,0.77,0.11
32000,39.69,60.65,16.29,0.89,0.95,0.77,0.11
32100,39.69,60.65,16.29,0.89,0.95,0.77,0.11
32200,39.69,60.65,16.29,0.89,0.95,0.77,0.11
32300,40.33,61.94,16.58,0.89,0.95,0.77,0.11
32400,40.33,61.94,16.58,0.89,0.95,0.77,0.11
32500,39.69,60.65,16.29,0.89,0.95,0.77,0.11
32600,39.05,59.38,15.99,0.89,0.95,0.77,0.11
32700,39.05,59.38,15.99,0.89,0.95,0.77,0.11
32800,38.41,58.12,15.69,0.89,0.95,0.77,0.11
32900,39.05,59.38,15.99,0.89,0.95,0.77,0.11
33000,39.05,59.38,15.99,0.89,0.95,0.77,0.11
33100,40.97,63.23,16.89,0.88,0.95,0.76,0.11
33200,40.33,61.94,16.58,0.89,0.95,0.76,0.11
33300,39.69,60.65,16.29,0.89,0.95,0.76,0.11
33400,39.05,59.38,15.99,0.89,0.95,0.76,0.11
33500,40.33,61.94,16.58,0.89,0.95,0.76,0.11
33600,39.05,59.38,15.99,0.89,0.95,0.76,0.11
33700,39.69,60.65,16.29,0.89,0.95,0.76,0.11
33800,39.05,59.38,15.99,0.89,0.95,0.76,0.11
33900,39.69,60.65,16.29,0.89,0.95,0.76,0.11
34000,39.05,59.38,15.99,0.89,0.95,0.76,0.11
34100,39.05,59.38,15.99,0.89,0.95,0.76,0.11
34200,39.69,60.65,16.29,0.89,0.95,0.76,0.11
34300,38.41,58.12,15.69,0.89,0.95,0.76,0.11
34400,39.69,60.65,16.29,0.89,0.95,0.76,0.11
34500,38.41,58.12,15.69,0.89,0.95,0.76,0.11
34600,39.05,59.38,15.99,0.89,0.95,0.76,0.11
34700,40.33,61.94,16.58,0.89,0.95,0.77,0.11
34800,38.41,58.12,15.69,0.89,0.95,0.77,0.12
34900,38.41,58.12,15.69,0.89,0.95,0.77,0.12
35000,38.41,58.12,15.69,0.89,0.95,0.77,0.12
35100,38.41,58.12,15.69,0.90,0.95,0.77,0.12
35200,39.05,59.38,15.99,0.90,0.95,0.77,0.12
35300,37.78,56.87,15.40,0.90,0.95,0.77,0.12
35400,39.05,59.38,15.99,0.90,0.95,0.77,0.12
35500,39.05,59.38,15.99,0.90,0.95,0.77,0.12
35600,38.41,58.12,15.69,0.90,0.95,0.77,0.12
35700,38.41,58.12,15.69,0.90,0.95,0.77,0.12
35800,39.05,59.38,15.99,0.90,0.95,0.77,0.12
35900,38.41,58.12,15.69,0.90,0.95,0.77,0.12
36000,37.78,56.87,15.40,0.90,0.95,0.77,0.12
36100,39.05,59.38,15.99,0.90,0.95,0.77,0.12
36200,39.05,59.38,15.99,0.90,0.95,0.77,0.12
36300,39.05,59.38,15.99,0.90,0.95,0.77,0.12
36400,39.69,60.65,16.29,0.90,0.95,0.77,0.12
36500,39.69,60.65,16.29,0.90,0.95,0.77,0.12
36600,38.41,58.12,15.69,0.90,0.95,0.77,0.12
36700,38.41,58.12,15.69,0.90,0.95,0.77,0.12
36800,39.05,59.38,15.99,0.90,0.95,0.77,0.12
36900,37.78,56.87,15.40,0.90,0.95,0.77,0.12
37000,39.05,59.38,15.99,0.90,0.95,0.77,0.12
37100,39.69,60.65,16.29,0.90,0.95,0.77,0.12
37200,39.05,59.38,15.99,0.90,0.95,0.78,0.12
37300,39.69,60.65,16.29,0.90,0.95,0.78,0.12
37400,39.05,59.38,15.99,0.90,0.95,0.78,0.12
37500,39.69,60.65,16.29,0.90,0.95,0.78,0.12
37600,39.05,59.38,15.99,0.90,0.95,0.78,0.12
37700,39.69,60.65,16.29,0.90,0.95,0.78,0.12
37800,37.78,56.87,15.40,0.90,0.95,0.78,0.12
37900,39.05,59.38,15.99,0.91,0.95,0.78,0.12
38000,39.69,60.65,16.29,0.90,0.95,0.78,0.12
38100,39.05,59.38,15.99,0.90,0.95,0.78,0.12
38200,39.05,59.38,15.99,0.91,0.95,0.78,0.12
38300,39.05,59.38,15.99,0.91,0.95,0.78,0.12
38400,39.69,60.65,16.29,0.91,0.95,0.78,0.12
38500,39.05,59.38,15.99,0.91,0.95,0.78,0.13
38600,39.05,59.38,15.99,0.91,0.95,0.78,0.13
38700,39.69,60.65,16.29,0.91,0.95,0.78,0.12
38800,39.05,59.38,15.99,0.91,0.95,0.78,0.12
38900,39.69,60.65,16.29,0.91,0.95,0.78,0.12
39000,39.05,59.38,15.99,0.91,0.95,0.78,0.13
39100,39.05,59.38,15.99,0.91,0.95,0.78,0.12
39200,39.05,59.38,15.99,0.91,0.95,0.78,0.12
39300,39.05,59.38,15.99,0.91,0.95,0.78,0.13
39400,39.05,59.38,15.99,0.91,0.95,0.78,0.13
39500,39.69,60.65,16.29,0.91,0.95,0.78,0.13
39600,39.69,60.65,16.29,0.91,0.95,0.78,0.13
39700,40.33,61.94,16.58,0.91,0.95,0.79,0.13
39800,39.69,60.65,16.29,0.91,0.95,0.78,0.13
39900,39.05,59.38,15.99,0.91,0.95,0.79,0.13
40000,39.05,59.38,15.99,0.91,0.95,0.78,0.13
40100,39.69,60.65,16.29,0.91,0.95,0.79,0.13
40200,40.33,61.94,16.58,0.91,0.95,0.79,0.13
40300,39.05,59.38,15.99,0.91,0.95,0.79,0.13
40400,39.69,60.65,16.29,0.91,0.95,0.79,0.13
40500,39.69,60.65,16.29,0.91,0.95,0.79,0.13
40600,39.69,60.65,16.29,0.91,0.95,0.79,0.13
40700,40.33,61.94,16.58,0.91,0.95,0.79,0.13
40800,39.69,60.65,16.29,0.91,0.95,0.79,0.13
40900,39.69,60.65,16.29,0.91,0.95,0.79,0.13
41000,38.41,58.12,15.69,0.91,0.95,0.79,0.13
41100,39.69,60.65,16.29,0.91,0.95,0.79,0.13
41200,39.05,59.38,15.99,0.91,0.95,0.79,0.13
41300,41.62,64.55,17.19,0.91,0.95,0.79,0.13
41400,40.33,61.94,16.58,0.91,0.95,0.79,0.13
41500,40.33,61.94,16.58,0.91,0.95,0.79,0.13
41600,40.97,63.23,16.89,0.91,0.95,0.79,0.13
41700,40.33,61.94,16.58,0.91,0.95,0.79,0.13
41800,39.69,60.65,16.29,0.91,0.95,0.79,0.13
41900,40.33,61.94,16.58,0.91,0.95,0.79,0.13
42000,39.05,59.38,15.99,0.91,0.95,0.79,0.13
42100,39.05,59.38,15.99,0.91,0.95,0.79,0.13
42200,40.33,61.94,16.58,0.91,0.95,0.79,0.13
42300,40.97,63.23,16.89,0.91,0.95,0.79,0.13
42400,39.05,59.38,15.99,0.91,0.95,0.79,0.13
42500,39.69,60.65,16.29,0.91,0.95,0.79,0.13
42600,39.05,59.38,15.99,0.91,0.95,0.79,0.13
42700,37.15,55.63,15.11,0.91,0.95,0.79,0.13
42800,39.05,59.38,15.99,0.91,0.95,0.79,0.13
42900,39.05,59.38,15.99,0.91,0.95,0.79,0.13
43000,39.05,59.38,15.99,0.91,0.95,0.79,0.13
43100,39.69,60.65,16.29,0.91,0.95,0.79,0.13
43200,39.05,59.38,15.99,0.91,0.95,0.79,0.13
43300,39.05,59.38,15.99,0.91,0.95,0.79,0.13
43400,39.69,60.65,16.29,0.91,0.95,0.79,0.13
43500,45.57,72.66,19.05,0.91,0.95,0.79,0.13
43600,39.69,60.65,16.29,0.91,0.95,0.79,0.13
43700,39.05,59.38,15.99,0.91,0.95,0.79,0.13
43800,39.69,60.65,16.29,0.91,0.95,0.79,0.13
43900,40.33,61.94,16.58,0.91,0.95,0.79,0.13
44000,40.33,61.94,16.58,0.91,0.95,0.79,0.13
44100,39.05,59.38,15.99,0.91,0.95,0.79,0.13
44200,39.69,60.65,16.29,0.91,0.95,0.79,0.13
44300,39.05,59.38,15.99,0.91,0.95,0.79,0.13
44400,39.05,59.38,15.99,0.91,0.95,0.79,0.13
44500,39.69,60.65,16.29,0.91,0.95,0.79,0.13
44600,39.69,60.65,16.29,0.91,0.95,0.79,0.13
44700,37.78,56.87,15.40,0.91,0.95,0.79,0.12
44800,39.69,60.65,16.29,0.91,0.95,0.79,0.12
44900,39.05,59.38,15.99,0.91,0.95,0.79,0.12
45000,39.05,59.38,15.99,0.91,0.95,0.79,0.12
45100,39.05,59.38,15.99,0.91,0.95,0.79,0.12
45200,39.05,59.38,15.99,0.91,0.95,0.79,0.12
45300,39.69,60.65,16.29,0.91,0.95,0.79,0.12
45400,38.41,58.12,15.69,0.91,0.95,0.79,0.12
45500,39.05,59.38,15.99,0.91,0.95,0.79,0.12
45600,38.41,58.12,15.69,0.91,0.95,0.79,0.12
45700,39.05,59.38,15.99,0.91,0.95,0.79,0.12
45800,39.05,59.38,15.99,0.91,0.95,0.79,0.12
45900,39.69,60.65,16.29,0.91,0.95,0.79,0.12
46000,39.69,60.65,16.29,0.91,0.95,0.78,0.12
46100,39.69,60.65,16.29,0.91,0.95,0.79,0.12
46200,39.69,60.65,16.29,0.90,0.95,0.79,0.12
46300,38.41,58.12,15.69,0.90,0.95,0.78,0.12
46400,38.41,58.12,15.69,0.90,0.95,0.78,0.12
46500,38.41,58.12,15.69,0.90,0.95,0.78,0.12
46600,38.41,58.12,15.69,0.90,0.95,0.78,0.12
46700,39.05,59.38,15.99,0.90,0.95,0.78,0.12
46800,39.05,59.38,15.99,0.90,0.95,0.78,0.12
46900,38.41,58.12,15.69,0.90,0.95,0.78,0.12
47000,38.41,58.12,15.69,0.90,0.95,0.78,0.12
47100,38.41,58.12,15.69,0.90,0.95,0.78,0.12
47200,38.41,58.12,15.69,0.90,0.95,0.78,0.12
47300,39.05,59.38,15.99,0.90,0.95,0.78,0.12
47400,39.69,60.65,16.29,0.90,0.95,0.78,0.12
47500,39.69,60.65,16.29,0.90,0.95,0.78,0.12
47600,38.41,58.12,15.69,0.90,0.95,0.78,0.12
47700,38.41,58.12,15.69,0.90,0.95,0.78,0.12
47800,38.41,58.12,15.69,0.90,0.95,0.78,0.11
47900,38.41,58.12,15.69,0.90,0.95,0.78,0.11
48000,40.33,61.94,16.58,0.90,0.95,0.78,0.11
48100,38.41,58.12,15.69,0.90,0.95,0.78,0.11
48200,38.41,58.12,15.69,0.90,0.95,0.78,0.11
48300,38.41,58.12,15.69,0.90,0.95,0.78,0.11
48400,38.41,58.12,15.69,0.90,0.95,0.78,0.11
48500,37.78,56.87,15.40,0.90,0.95,0.78,0.11
48600,39.69,60.65,16.29,0.90,0.95,0.78,0.11
48700,38.41,58.12,15.69,0.90,0.95,0.78,0.11
48800,38.41,58.12,15.69,0.90,0.95,0.77,0.11
48900,38.41,58.12,15.69,0.90,0.95,0.77,0.11
49000,39.05,59.38,15.99,0.90,0.95,0.77,0.11
49100,40.33,61.94,16.58,0.90,0.95,0.77,0.11
49200,37.78,56.87,15.40,0.90,0.95,0.77,0.11
49300,38.41,58.12,15.69,0.90,0.95,0.77,0.11
49400,38.41,58.12,15.69,0.89,0.95,0.77,0.11
49500,37.78,56.87,15.40,0.90,0.95,0.77,0.11
49600,37.78,56.87,15.40,0.89,0.95,0.77,0.11
49700,37.78,56.87,15.40,0.89,0.95,0.77,0.11
49800,37.78,56.87,15.40,0.89,0.95,0.77,0.11
49900,38.41,58.12,15.69,0.89,0.95,0.77,0.11
50000,37.78,56.87,15.40,0.89,0.95,0.77,0.11
50100,39.05,59.38,15.99,0.89,0.95,0.77,0.11
50200,38.41,58.12,15.69,0.89,0.95,0.77,0.11
50300,37.78,56.87,15.40,0.89,0.95,0.77,0.11
50400,37.78,56.87,15.40,0.89,0.95,0.77,0.11
50500,39.05,59.38,15.99,0.89,0.95,0.77,0.11
50600,40.33,61.94,16.58,0.89,0.95,0.77,0.11
50700,37.78,56.87,15.40,0.89,0.95,0.77,0.11
50800,37.78,56.87,15.40,0.90,0.95,0.77,0.11
50900,38.41,58.12,15.69,0.89,0.95,0.77,0.11
51000,37.78,56.87,15.40,0.89,0.95,0.77,0.11
51100,37.78,56.87,15.40,0.89,0.95,0.77,0.11
51200,37.15,55.63,15.11,0.89,0.95,0.76,0.11
51300,37.15,55.63,15.11,0.89,0.95,0.77,0.11
51400,37.78,56.87,15.40,0.89,0.95,0.77,0.11
51500,37.78,56.87,15.40,0.89,0.95,0.76,0.11
51600,37.78,56.87,15.40,0.89,0.95,0.76,0.11
51700,37.15,55.63,15.11,0.89,0.95,0.76,0.11
51800,37.78,56.87,15.40,0.89,0.95,0.76,0.11
51900,37.15,55.63,15.11,0.89,0.95,0.76,0.11
52000,38.41,58.12,15.69,0.89,0.95,0.76,0.11
52100,37.15,55.63,15.11,0.89,0.95,0.76,0.11
52200,37.78,56.87,15.40,0.89,0.95,0.76,0.10
52300,37.78,56.87,15.40,0.89,0.95,0.76,0.10
52400,37.15,55.63,15.11,0.89,0.95,0.76,0.11
52500,37.15,55.63,15.11,0.89,0.95,0.76,0.10
52600,37.15,55.63,15.11,0.89,0.95,0.76,0.10
52700,37.15,55.63,15.11,0.89,0.95,0.76,0.10
52800,37.78,56.87,15.40,0.89,0.95,0.76,0.10
52900,37.78,56.87,15.40,0.89,0.95,0.76,0.10
53000,36.52,54.40,14.82,0.89,0.95,0.76,0.10
53100,39.05,59.38,15.99,0.89,0.95,0.76,0.10
53200,36.52,54.40,14.82,0.89,0.95,0.75,0.10
53300,37.15,55.63,15.11,0.89,0.95,0.75,0.10
53400,37.15,55.63,15.11,0.89,0.95,0.75,0.10
53500,36.52,54.40,14.82,0.89,0.95,0.75,0.10
53600,36.52,54.40,14.82,0.89,0.95,0.75,0.10
53700,38.41,58.12,15.69,0.89,0.95,0.75,0.10
53800,38.41,58.12,15.69,0.88,0.95,0.75,0.10
53900,39.69,60.65,16.29,0.88,0.95,0.75,0.10
54000,38.41,58.12,15.69,0.88,0.95,0.75,0.10
54100,36.52,54.40,14.82,0.88,0.95,0.75,0.10
54200,35.90,53.19,14.53,0.88,0.95,0.74,0.10
54300,35.90,53.19,14.53,0.88,0.95,0.74,0.10
54400,36.52,54.40,14.82,0.88,0.95,0.74,0.10
54500,35.90,53.19,14.53,0.88,0.95,0.74,0.10
54600,37.15,55.63,15.11,0.88,0.95,0.74,0.10
54700,37.15,55.63,15.11,0.88,0.95,0.74,0.10
54800,35.90,53.19,14.53,0.88,0.95,0.74,0.10
54900,35.90,53.19,14.53,0.88,0.95,0.74,0.10
55000,35.90,53.19,14.53,0.88,0.95,0.74,0.10
55100,35.90,53.19,14.53,0.88,0.95,0.74,0.10
55200,35.90,53.19,14.53,0.88,0.95,0.74,0.10
55300,35.90,53.19,14.53,0.88,0.95,0.74,0.10
55400,36.52,54.40,14.82,0.88,0.95,0.74,0.10
55500,36.52,54.40,14.82,0.88,0.95,0.74,0.10
55600,35.90,53.19,14.53,0.88,0.95,0.74,0.10
55700,37.15,55.63,15.11,0.88,0.95,0.74,0.10
55800,36.52,54.40,14.82,0.88,0.95,0.74,0.10
55900,35.90,53.19,14.53,0.88,0.95,0.74,0.10
56000,35.27,51.99,14.25,0.88,0.95,0.74,0.10
56100,35.27,51.99,14.25,0.88,0.95,0.74,0.10
56200,35.90,53.19,14.53,0.88,0.95,0.74,0.10
56300,35.27,51.99,14.25,0.88,0.95,0.74,0.10
56400,35.27,51.99,14.25,0.88,0.95,0.74,0.10
56500,35.90,53.19,14.53,0.88,0.95,0.74,0.10
56600,35.27,51.99,14.25,0.88,0.95,0.74,0.10
56700,35.27,51.99,14.25,0.88,0.95,0.74,0.10
56800,35.27,51.99,14.25,0.88,0.95,0.74,0.10
56900,35.90,53.19,14.53,0.88,0.95,0.73,0.10
57000,34.66,50.80,13.97,0.88,0.95,0.73,0.10
57100,35.90,53.19,14.53,0.88,0.95,0.73,0.10
57200,34.66,50.80,13.97,0.88,0.95,0.73,0.10
57300,34.66,50.80,13.97,0.88,0.95,0.73,0.10
57400,35.90,53.19,14.53,0.88,0.95,0.73,0.10
57500,35.27,51.99,14.25,0.88,0.95,0.73,0.10
57600,35.90,53.19,14.53,0.88,0.95,0.73,0.10
57700,35.27,51.99,14.25,0.88,0.95,0.73,0.10
57800,34.66,50.80,13.97,0.88,0.95,0.73,0.10
57900,34.66,50.80,13.97,0.88,0.95,0.73,0.10
58000,34.66,50.80,13.97,0.88,0.95,0.73,0.10
58100,34.66,50.80,13.97,0.88,0.95,0.73,0.10
58200,34.66,50.80,13.97,0.88,0.95,0.73,0.10
58300,32.82,47.30,13.13,0.88,0.95,0.73,0.10
58400,34.04,49.62,13.69,0.88,0.95,0.73,0.10
58500,34.66,50.80,13.97,0.88,0.95,0.73,0.10
58600,34.04,49.62,13.69,0.88,0.95,0.73,0.10
58700,34.04,49.62,13.69,0.88,0.95,0.73,0.10
58800,34.66,50.80,13.97,0.88,0.95,0.73,0.10
58900,34.66,50.80,13.97,0.88,0.95,0.73,0.10
59000,34.04,49.62,13.69,0.88,0.95,0.73,0.10
59100,33.43,48.46,13.41,0.88,0.95,0.73,0.10
59200,34.04,49.62,13.69,0.88,0.95,0.73,0.10
59300,34.66,50.80,13.97,0.88,0.95,0.73,0.10
59400,34.04,49.62,13.69,0.88,0.95,0.73,0.10
59500,34.04,49.62,13.69,0.88,0.95,0.73,0.10
59600,35.27,51.99,14.25,0.88,0.95,0.73,0.10
59700,34.04,49.62,13.69,0.88,0.95,0.73,0.10
59800,34.66,50.80,13.97,0.88,0.95,0.73,0.10
59900,34.04,49.62,13.69,0.88,0.95,0.73,0.10
60000,34.66,50.80,13.97,0.88,0.95,0.73,0.10
60100,34.04,49.62,13.69,0.88,0.95,0.73,0.10
60200,34.66,50.80,13.97,0.88,0.95,0.72,0.10
60300,34.04,49.62,13.69,0.88,0.95,0.72,0.10
60400,34.66,50.80,13.97,0.88,0.95,0.72,0.10
60500,34.66,50.80,13.97,0.88,0.95,0.72,0.10
60600,34.66,50.80,13.97,0.88,0.95,0.72,0.10
60700,34.04,49.62,13.69,0.88,0.95,0.72,0.09
60800,33.43,48.46,13.41,0.88,0.95,0.72,0.09
60900,34.04,49.62,13.69,0.88,0.95,0.72,0.09
61000,32.21,46.16,12.86,0.88,0.95,0.72,0.09
61100,33.43,48.46,13.41,0.88,0.95,0.72,0.09
61200,34.04,49.62,13.69,0.88,0.95,0.72,0.09
61300,33.43,48.46,13.41,0.88,0.95,0.72,0.09
61400,33.43,48.46,13.41,0.88,0.95,0.72,0.09
61500,33.43,48.46,13.41,0.88,0.95,0.72,0.09
61600,34.04,49.62,13.69,0.88,0.95,0.72,0.10
61700,33.43,48.46,13.41,0.88,0.95,0.72,0.09
61800,34.04,49.62,13.69,0.88,0.95,0.72,0.10
61900,32.82,47.30,13.13,0.88,0.95,0.72,0.10
62000,32.82,47.30,13.13,0.88,0.95,0.72,0.10
62100,33.43,48.46,13.41,0.88,0.95,0.72,0.09
62200,32.82,47.30,13.13,0.88,0.95,0.72,0.09
62300,32.82,47.30,13.13,0.88,0.95,0.72,0.09
62400,32.82,47.30,13.13,0.88,0.95,0.72,0.09
62500,32.82,47.30,13.13,0.88,0.95,0.72,0.09
62600,32.82,47.30,13.13,0.88,0.95,0.72,0.10
62700,34.04,49.62,13.69,0.88,0.95,0.72,0.09
62800,32.82,47.30,13.13,0.88,0.95,0.72,0.09
62900,34.04,49.62,13.69,0.88,0.95,0.72,0.09
63000,32.82,47.30,13.13,0.88,0.95,0.72,0.09
63100,33.43,48.46,13.41,0.88,0.95,0.72,0.10
63200,33.43,48.46,13.41,0.88,0.95,0.72,0.10
63300,33.43,48.46,13.41,0.88,0.95,0.72,0.10
63400,32.82,47.30,13.13,0.88,0.95,0.72,0.10
63500,32.82,47.30,13.13,0.88,0.95,0.72,0.10
63600,33.43,48.46,13.41,0.88,0.95,0.72,0.10
63700,32.82,47.30,13.13,0.88,0.95,0.72,0.10
63800,32.21,46.16,12.86,0.88,0.94,0.72,0.10
63900,32.82,47.30,13.13,0.88,0.95,0.72,0.10
64000,32.82,47.30,13.13,0.88,0.94,0.72,0.10
64100,32.21,46.16,12.86,0.88,0.95,0.72,0.10
64200,32.82,47.30,13.13,0.88,0.95,0.72,0.10
64300,33.43,48.46,13.41,0.88,0.95,0.72,0.10
64400,33.43,48.46,13.41,0.88,0.95,0.72,0.10
64500,32.82,47.30,13.13,0.88,0.95,0.72,0.10
64600,32.21,46.16,12.86,0.89,0.95,0.72,0.10
64700,33.43,48.46,13.41,0.89,0.95,0.72,0.10
64800,33.43,48.46,13.41,0.89,0.95,0.72,0.10
64900,33.43,48.46,13.41,0.89,0.94,0.72,0.10
65000,32.21,46.16,12.86,0.89,0.95,0.72,0.10
65100,32.21,46.16,12.86,0.89,0.95,0.73,0.10
65200,32.21,46.16,12.86,0.89,0.95,0.72,0.10
65300,33.43,48.46,13.41,0.89,0.95,0.73,0.10
65400,32.21,46.16,12.86,0.89,0.95,0.73,0.10
65500,32.21,46.16,12.86,0.89,0.94,0.73,0.10
65600,32.82,47.30,13.13,0.89,0.94,0.73,0.10
65700,32.82,47.30,13.13,0.89,0.95,0.73,0.10
65800,32.82,47.30,13.13,0.89,0.94,0.73,0.10
65900,33.43,48.46,13.41,0.89,0.94,0.73,0.10
66000,33.43,48.46,13.41,0.89,0.94,0.73,0.11
66100,33.43,48.46,13.41,0.89,0.94,0.73,0.11
66200,33.43,48.46,13.41,0.90,0.95,0.73,0.11
66300,32.82,47.30,13.13,0.90,0.95,0.73,0.11
66400,32.82,47.30,13.13,0.90,0.95,0.73,0.11
66500,33.43,48.46,13.41,0.90,0.94,0.73,0.11
66600,32.82,47.30,13.13,0.90,0.95,0.73,0.11
66700,32.82,47.30,13.13,0.90,0.95,0.73,0.11
66800,34.04,49.62,13.69,0.90,0.95,0.73,0.11
66900,32.82,47.30,13.13,0.90,0.95,0.73,0.11
67000,32.82,47.30,13.13,0.90,0.95,0.73,0.11
67100,32.82,47.30,13.13,0.90,0.95,0.73,0.11
67200,32.82,47.30,13.13,0.90,0.95,0.74,0.11
67300,32.82,47.30,13.13,0.90,0.95,0.74,0.11
67400,33.43,48.46,13.41,0.90,0.95,0.73,0.11
67500,33.43,48.46,13.41,0.90,0.95,0.74,0.11
67600,34.04,49.62,13.69,0.90,0.95,0.74,0.11
67700,34.04,49.62,13.69,0.90,0.95,0.74,0.11
67800,34.04,49.62,13.69,0.90,0.95,0.74,0.11
67900,33.43,48.46,13.41,0.90,0.95,0.74,0.11
68000,34.04,49.62,13.69,0.90,0.95,0.74,0.11
68100,32.82,47.30,13.13,0.90,0.95,0.74,0.11
68200,33.43,48.46,13.41,0.90,0.95,0.74,0.11
68300,33.43,48.46,13.41,0.90,0.95,0.74,0.11
68400,33.43,48.46,13.41,0.90,0.95,0.74,0.11
68500,32.82,47.30,13.13,0.90,0.95,0.74,0.11
68600,34.04,49.62,13.69,0.90,0.95,0.74,0.11
68700,34.04,49.62,13.69,0.90,0.95,0.74,0.11
68800,34.04,49.62,13.69,0.90,0.95,0.74,0.11
68900,34.04,49.62,13.69,0.90,0.95,0.74,0.11
69000,33.43,48.46,13.41,0.90,0.95,0.74,0.11
69100,33.43,48.46,13.41,0.90,0.95,0.74,0.11
69200,33.43,48.46,13.41,0.90,0.95,0.74,0.11
69300,34.04,49.62,13.69,0.90,0.95,0.74,0.11
69400,35.27,51.99,14.25,0.90,0.95,0.74,0.11
69500,33.43,48.46,13.41,0.90,0.95,0.74,0.11
69600,32.21,46.16,12.86,0.90,0.95,0.74,0.11
69700,33.43,48.46,13.41,0.90,0.95,0.74,0.11
69800,33.43,48.46,13.41,0.90,0.95,0.74,0.11
69900,33.43,48.46,13.41,0.90,0.95,0.74,0.11
70000,33.43,48.46,13.41,0.90,0.95,0.74,0.11
70100,33.43,48.46,13.41,0.90,0.95,0.74,0.11
70200,33.43,48.46,13.41,0.90,0.95,0.74,0.11
70300,35.27,51.99,14.25,0.90,0.94,0.74,0.11
70400,33.43,48.46,13.41,0.90,0.94,0.74,0.11
70500,34.04,49.62,13.69,0.90,0.95,0.74,0.11
70600,34.04,49.62,13.69,0.90,0.95,0.74,0.11
70700,34.04,49.62,13.69,0.90,0.94,0.74,0.11
70800,32.82,47.30,13.13,0.90,0.94,0.74,0.11
70900,34.04,49.62,13.69,0.90,0.95,0.74,0.11
71000,34.04,49.62,13.69,0.90,0.95,0.74,0.11
71100,33.43,48.46,13.41,0.90,0.94,0.74,0.11
71200,33.43,48.46,13.41,0.90,0.95,0.74,0.11
71300,34.04,49.62,13.69,0.90,0.95,0.74,0.11
71400,33.43,48.46,13.41,0.90,0.94,0.74,0.11
71500,33.43,48.46,13.41,0.90,0.95,0.74,0.11
71600,33.43,48.46,13.41,0.90,0.95,0.74,0.11
71700,33.43,48.46,13.41,0.90,0.94,0.74,0.11
71800,33.43,48.46,13.41,0.90,0.95,0.75,0.11
71900,33.43,48.46,13.41,0.90,0.95,0.75,0.11
72000,33.43,48.46,13.41,0.90,0.95,0.74,0.11
72100,33.43,48.46,13.41,0.90,0.95,0.74,0.11
72200,33.43,48.46,13.41,0.90,0.95,0.75,0.11
72300,32.82,47.30,13.13,0.90,0.95,0.75,0.11
72400,34.04,49.62,13.69,0.90,0.94,0.74,0.11
72500,34.04,49.62,13.69,0.90,0.94,0.75,0.11
72600,33.43,48.46,13.41,0.90,0.95,0.75,0.11
72700,33.43,48.46,13.41,0.90,0.94,0.75,0.11
72800,34.04,49.62,13.69,0.90,0.94,0.75,0.11
72900,32.82,47.30,13.13,0.90,0.95,0.75,0.11
73000,32.82,47.30,13.13,0.90,0.95,0.75,0.11
73100,33.43,48.46,13.41,0.90,0.95,0.74,0.11
73200,33.43,48.46,13.41,0.90,0.94,0.75,0.11
73300,33.43,48.46,13.41,0.90,0.94,0.75,0.11
73400,32.82,47.30,13.13,0.90,0.94,0.75,0.11
73500,34.66,50.80,13.97,0.90,0.95,0.75,0.11
73600,32.82,47.30,13.13,0.90,0.94,0.75,0.11
73700,35.27,51.99,14.25,0.90,0.95,0.75,0.11
73800,34.04,49.62,13.69,0.90,0.94,0.75,0.11
73900,34.04,49.62,13.69,0.90,0.94,0.75,0.11
74000,33.43,48.46,13.41,0.90,0.94,0.75,0.11
74100,32.82,47.30,13.13,0.90,0.95,0.75,0.11
74200,34.04,49.62,13.69,0.90,0.94,0.75,0.11
74300,33.43,48.46,13.41,0.90,0.94,0.75,0.11
74400,33.43,48.46,13.41,0.90,0.94,0.75,0.11
74500,35.27,51.99,14.25,0.90,0.94,0.75,0.11
74600,33.43,48.46,13.41,0.90,0.95,0.75,0.11
74700,33.43,48.46,13.41,0.90,0.94,0.75,0.11
74800,34.04,49.62,13.69,0.90,0.95,0.75,0.11
74900,33.43,48.46,13.41,0.90,0.94,0.75,0.11
75000,32.82,47.30,13.13,0.90,0.94,0.75,0.11
75100,33.43,48.46,13.41,0.90,0.94,0.75,0.11
75200,32.82,47.30,13.13,0.90,0.94,0.75,0.11
75300,32.82,47.30,13.13,0.90,0.94,0.75,0.11
75400,33.43,48.46,13.41,0.90,0.94,0.75,0.11
75500,34.04,49.62,13.69,0.90,0.94,0.75,0.11
75600,32.82,47.30,13.13,0.90,0.94,0.74,0.11
75700,34.66,50.80,13.97,0.90,0.94,0.75,0.11
75800,32.82,47.30,13.13,0.90,0.94,0.75,0.11
75900,33.43,48.46,13.41,0.90,0.94,0.74,0.11
76000,34.04,49.62,13.69,0.90,0.94,0.74,0.11
76100,34.04,49.62,13.69,0.90,0.94,0.74,0.11
76200,32.82,47.30,13.13,0.90,0.94,0.74,0.11
76300,32.82,47.30,13.13,0.90,0.94,0.74,0.11
76400,32.82,47.30,13.13,0.90,0.94,0.74,0.11
76500,32.82,47.30,13.13,0.90,0.94,0.74,0.11
76600,32.82,47.30,13.13,0.90,0.94,0.74,0.11
76700,32.82,47.30,13.13,0.90,0.94,0.74,0.11
76800,32.82,47.30,13.13,0.90,0.95,0.75,0.11
76900,32.82,47.30,13.13,0.90,0.95,0.74,0.11
77000,32.82,47.30,13.13,0.90,0.94,0.74,0.11
77100,32.82,47.30,13.13,0.90,0.94,0.74,0.11
77200,32.82,47.30,13.13,0.90,0.94,0.74,0.11
77300,33.43,48.46,13.41,0.90,0.94,0.74,0.11
77400,32.82,47.30,13.13,0.90,0.94,0.74,0.11
77500,34.04,49.62,13.69,0.90,0.94,0.74,0.10
77600,32.82,47.30,13.13,0.90,0.94,0.74,0.10
77700,33.43,48.46,13.41,0.90,0.94,0.74,0.10
77800,32.82,47.30,13.13,0.90,0.94,0.74,0.10
77900,34.04,49.62,13.69,0.90,0.95,0.74,0.10
78000,32.82,47.30,13.13,0.89,0.94,0.74,0.10
78100,32.82,47.30,13.13,0.90,0.94,0.74,0.10
78200,32.82,47.30,13.13,0.90,0.94,0.74,0.10
78300,32.82,47.30,13.13,0.89,0.94,0.74,0.10
78400,32.82,47.30,13.13,0.90,0.94,0.74,0.10
78500,32.21,46.16,12.86,0.89,0.94,0.74,0.10
78600,32.21,46.16,12.86,0.89,0.94,0.74,0.10
78700,32.21,46.16,12.86,0.89,0.94,0.74,0.10
78800,32.21,46.16,12.86,0.89,0.94,0.74,0.10
78900,32.21,46.16,12.86,0.89,0.94,0.74,0.10
79000,32.21,46.16,12.86,0.89,0.94,0.74,0.10
79100,32.21,46.16,12.86,0.89,0.94,0.74,0.10
79200,32.82,47.30,13.13,0.89,0.94,0.74,0.10
79300,32.21,46.16,12.86,0.89,0.94,0.74,0.10
79400,32.21,46.16,12.86,0.89,0.94,0.74,0.10
79500,32.21,46.16,12.86,0.89,0.94,0.74,0.10
79600,32.21,46.16,12.86,0.89,0.94,0.74,0.10
79700,32.82,47.30,13.13,0.89,0.94,0.74,0.10
79800,33.43,48.46,13.41,0.89,0.94,0.74,0.10
79900,32.21,46.16,12.86,0.89,0.94,0.74,0.10
80000,32.21,46.16,12.86,0.89,0.94,0.74,0.10
80100,32.21,46.16,12.86,0.89,0.94,0.74,0.10
80200,32.21,46.16,12.86,0.89,0.94,0.74,0.10
80300,32.21,46.16,12.86,0.89,0.94,0.74,0.10
80400,32.21,46.16,12.86,0.89,0.94,0.73,0.10
80500,32.21,46.16,12.86,0.89,0.94,0.73,0.10
80600,31.61,45.04,12.58,0.89,0.94,0.73,0.10
80700,31.61,45.04,12.58,0.89,0.94,0.73,0.10
80800,34.04,49.62,13.69,0.89,0.94,0.73,0.10
80900,31.61,45.04,12.58,0.89,0.94,0.73,0.10
81000,32.21,46.16,12.86,0.88,0.94,0.73,0.10
81100,32.82,47.30,13.13,0.88,0.94,0.73,0.10
81200,32.21,46.16,12.86,0.88,0.94,0.73,0.10
81300,32.21,46.16,12.86,0.88,0.94,0.73,0.10
81400,32.21,46.16,12.86,0.88,0.94,0.73,0.10
81500,31.61,45.04,12.58,0.88,0.94,0.73,0.10
81600,31.61,45.04,12.58,0.88,0.94,0.73,0.10
81700,31.61,45.04,12.58,0.88,0.94,0.73,0.10
81800,31.61,45.04,12.58,0.88,0.94,0.73,0.10
81900,31.01,43.92,12.31,0.88,0.94,0.73,0.10
82000,31.01,43.92,12.31,0.88,0.94,0.73,0.10
82100,31.01,43.92,12.31,0.88,0.94,0.73,0.10
82200,32.82,47.30,13.13,0.88,0.94,0.73,0.10
82300,32.21,46.16,12.86,0.88,0.94,0.73,0.10
82400,31.01,43.92,12.31,0.88,0.94,0.73,0.10
82500,32.21,46.16,12.86,0.88,0.94,0.73,0.10
82600,32.82,47.30,13.13,0.88,0.94,0.73,0.10
82700,31.61,45.04,12.58,0.88,0.94,0.73,0.10
82800,31.61,45.04,12.58,0.88,0.94,0.73,0.10
82900,32.21,46.16,12.86,0.88,0.94,0.73,0.10
83000,31.61,45.04,12.58,0.88,0.94,0.73,0.10
83100,31.61,45.04,12.58,0.88,0.94,0.73,0.10
83200,31.61,45.04,12.58,0.88,0.94,0.73,0.10
83300,32.21,46.16,12.86,0.88,0.94,0.73,0.10
83400,32.82,47.30,13.13,0.88,0.94,0.72,0.10
83500,33.43,48.46,13.41,0.88,0.94,0.72,0.10
83600,31.61,45.04,12.58,0.88,0.94,0.72,0.10
83700,32.21,46.16,12.86,0.88,0.94,0.72,0.10
83800,31.61,45.04,12.58,0.88,0.94,0.72,0.10
83900,31.01,43.92,12.31,0.88,0.94,0.72,0.10
84000,31.01,43.92,12.31,0.88,0.94,0.72,0.09
84100,31.61,45.04,12.58,0.88,0.94,0.72,0.09
84200,31.01,43.92,12.31,0.88,0.94,0.72,0.09
84300,31.61,45.04,12.58,0.88,0.94,0.72,0.09
84400,32.21,46.16,12.86,0.88,0.94,0.72,0.09
84500,32.21,46.16,12.86,0.88,0.94,0.72,0.09
84600,32.21,46.16,12.86,0.88,0.94,0.72,0.09
84700,32.21,46.16,12.86,0.88,0.94,0.72,0.09
84800,31.01,43.92,12.31,0.88,0.94,0.72,0.09
84900,31.01,43.92,12.31,0.88,0.94,0.72,0.09
85000,31.01,43.92,12.31,0.88,0.94,0.72,0.09
85100,31.01,43.92,12.31,0.88,0.94,0.72,0.09
85200,31.01,43.92,12.31,0.88,0.94,0.72,0.09
85300,31.61,45.04,12.58,0.88,0.94,0.72,0.09
85400,32.21,46.16,12.86,0.88,0.94,0.72,0.09
85500,29.22,40.65,11.51,0.88,0.94,0.72,0.09
85600,32.21,46.16,12.86,0.88,0.94,0.72,0.09
85700,31.61,45.04,12.58,0.88,0.94,0.72,0.09
85800,31.01,43.92,12.31,0.87,0.94,0.72,0.09
85900,31.01,43.92,12.31,0.87,0.94,0.72,0.09
86000,31.61,45.04,12.58,0.87,0.94,0.72,0.09
86100,31.01,43.92,12.31,0.87,0.94,0.72,0.09
86200,31.01,43.92,12.31,0.87,0.94,0.71,0.09
86300,31.01,43.92,12.31,0.87,0.94,0.71,0.09
86400,30.41,42.82,12.04,0.87,0.94,0.71,0.09
86500,31.61,45.04,12.58,0.87,0.94,0.71,0.09
86600,31.01,43.92,12.31,0.87,0.94,0.71,0.09
86700,30.41,42.82,12.04,0.87,0.94,0.71,0.09
86800,30.41,42.82,12.04,0.87,0.94,0.71,0.09
86900,30.41,42.82,12.04,0.87,0.94,0.71,0.09
87000,30.41,42.82,12.04,0.87,0.94,0.71,0.09
87100,30.41,42.82,12.04,0.87,0.94,0.71,0.09
87200,28.63,39.58,11.25,0.87,0.94,0.71,0.09
87300,30.41,42.82,12.04,0.87,0.94,0.71,0.09
87400,30.41,42.82,12.04,0.87,0.94,0.71,0.09
87500,30.41,42.82,12.04,0.87,0.94,0.71,0.09
87600,30.41,42.82,12.04,0.87,0.94,0.71,0.09
87700,30.41,42.82,12.04,0.87,0.94,0.71,0.09
87800,30.41,42.82,12.04,0.87,0.94,0.71,0.09
87900,30.41,42.82,12.04,0.87,0.94,0.71,0.09
88000,31.61,45.04,12.58,0.87,0.94,0.71,0.09
88100,32.21,46.16,12.86,0.87,0.94,0.71,0.09
88200,31.61,45.04,12.58,0.87,0.94,0.71,0.09
88300,31.01,43.92,12.31,0.87,0.94,0.71,0.09
88400,31.01,43.92,12.31,0.87,0.94,0.70,0.09
88500,31.01,43.92,12.31,0.87,0.94,0.70,0.09
88600,31.61,45.04,12.58,0.87,0.94,0.70,0.09
88700,29.81,41.73,11.78,0.87,0.94,0.70,0.09
88800,30.41,42.82,12.04,0.87,0.94,0.70,0.09
88900,30.41,42.82,12.04,0.87,0.94,0.70,0.09
89000,29.81,41.73,11.78,0.87,0.94,0.70,0.09
89100,29.81,41.73,11.78,0.87,0.94,0.70,0.09
89200,29.81,41.73,11.78,0.87,0.94,0.70,0.09
89300,29.81,41.73,11.78,0.87,0.94,0.70,0.09
89400,29.81,41.73,11.78,0.87,0.94,0.70,0.09
89500,29.22,40.65,11.51,0.87,0.94,0.70,0.09
89600,29.81,41.73,11.78,0.87,0.94,0.70,0.09
89700,31.01,43.92,12.31,0.87,0.94,0.70,0.09
89800,29.81,41.73,11.78,0.87,0.94,0.70,0.09
89900,29.81,41.73,11.78,0.87,0.94,0.70,0.09
90000,29.81,41.73,11.78,0.87,0.94,0.70,0.09
90100,28.63,39.58,11.25,0.87,0.94,0.70,0.09
90200,29.22,40.65,11.51,0.87,0.94,0.70,0.09
90300,29.81,41.73,11.78,0.87,0.94,0.70,0.09
90400,29.81,41.73,11.78,0.87,0.94,0.70,0.09
90500,29.22,40.65,11.51,0.87,0.94,0.70,0.09
90600,29.22,40.65,11.51,0.87,0.94,0.70,0.09
90700,29.22,40.65,11.51,0.87,0.94,0.70,0.09
90800,29.22,40.65,11.51,0.87,0.94,0.70,0.09
90900,29.22,40.65,11.51,0.87,0.94,0.70,0.09
91000,29.22,40.65,11.51,0.87,0.94,0.70,0.09
91100,29.22,40.65,11.51,0.87,0.94,0.70,0.09
91200,29.22,40.65,11.51,0.87,0.94,0.70,0.09
91300,29.22,40.65,11.51,0.87,0.94,0.70,0.09
91400,31.61,45.04,12.58,0.87,0.94,0.70,0.09
91500,29.22,40.65,11.51,0.87,0.94,0.70,0.09
91600,29.22,40.65,11.51,0.87,0.94,0.70,0.09
91700,29.22,40.65,11.51,0.87,0.94,0.70,0.09
91800,28.63,39.58,11.25,0.87,0.94,0.70,0.09
91900,29.22,40.65,11.51,0.87,0.94,0.70,0.09
92000,29.22,40.65,11.51,0.87,0.94,0.70,0.09
92100,29.22,40.65,11.51,0.87,0.94,0.70,0.09
92200,29.22,40.65,11.51,0.87,0.94,0.70,0.09
92300,29.81,41.73,11.78,0.87,0.94,0.70,0.09
92400,29.81,41.73,11.78,0.87,0.94,0.70,0.09
92500,29.22,40.65,11.51,0.87,0.94,0.70,0.09
92600,29.22,40.65,11.51,0.87,0.94,0.70,0.09
92700,29.22,40.65,11.51,0.87,0.94,0.70,0.09
92800,29.81,41.73,11.78,0.87,0.94,0.70,0.09
92900,29.81,41.73,11.78,0.87,0.94,0.69,0.09
93000,29.22,40.65,11.51,0.87,0.94,0.69,0.09
93100,29.22,40.65,11.51,0.87,0.94,0.69,0.09
93200,28.63,39.58,11.25,0.87,0.94,0.69,0.09
93300,28.63,39.58,11.25,0.87,0.94,0.69,0.09
93400,29.22,40.65,11.51,0.87,0.94,0.69,0.09
93500,28.63,39.58,11.25,0.87,0.94,0.69,0.09
93600,28.63,39.58,11.25,0.87,0.94,0.69,0.09
93700,29.22,40.65,11.51,0.87,0.94,0.69,0.09
93800,29.22,40.65,11.51,0.87,0.94,0.69,0.09
93900,29.81,41.73,11.78,0.87,0.94,0.69,0.09
94000,31.61,45.04,12.58,0.87,0.94,0.69,0.09
94100,28.63,39.58,11.25,0.87,0.94,0.69,0.09
94200,28.63,39.58,11.25,0.87,0.94,0.69,0.09
94300,29.22,40.65,11.51,0.87,0.94,0.69,0.09
94400,29.22,40.65,11.51,0.87,0.94,0.69,0.09
94500,28.63,39.58,11.25,0.87,0.94,0.69,0.09
94600,29.22,40.65,11.51,0.87,0.94,0.69,0.09
94700,28.05,38.52,10.99,0.87,0.94,0.69,0.09
94800,28.63,39.58,11.25,0.87,0.94,0.69,0.09
94900,28.63,39.58,11.25,0.87,0.94,0.69,0.09
95000,29.22,40.65,11.51,0.87,0.94,0.69,0.09
95100,28.05,38.52,10.99,0.87,0.94,0.69,0.09
95200,28.05,38.52,10.99,0.87,0.94,0.69,0.09
95300,28.63,39.58,11.25,0.87,0.94,0.69,0.09
95400,28.63,39.58,11.25,0.87,0.94,0.69,0.09
95500,29.22,40.65,11.51,0.87,0.94,0.69,0.09
95600,29.22,40.65,11.51,0.87,0.94,0.69,0.09
95700,28.05,38.52,10.99,0.87,0.94,0.69,0.09
95800,29.22,40.65,11.51,0.87,0.94,0.69,0.09
95900,28.05,38.52,10.99,0.87,0.94,0.69,0.09
96000,28.63,39.58,11.25,0.88,0.94,0.69,0.09
96100,29.22,40.65,11.51,0.88,0.94,0.69,0.09
96200,28.05,38.52,10.99,0.88,0.94,0.69,0.09
96300,28.05,38.52,10.99,0.88,0.94,0.69,0.09
96400,28.05,38.52,10.99,0.88,0.94,0.70,0.09
96500,28.63,39.58,11.25,0.88,0.94,0.70,0.09
96600,28.05,38.52,10.99,0.88,0.94,0.70,0.09
96700,28.05,38.52,10.99,0.88,0.94,0.70,0.10
96800,29.22,40.65,11.51,0.88,0.94,0.70,0.10
96900,28.05,38.52,10.99,0.88,0.94,0.70,0.10
97000,28.63,39.58,11.25,0.88,0.94,0.70,0.10
97100,28.05,38.52,10.99,0.88,0.94,0.70,0.10
97200,27.46,37.48,10.73,0.88,0.94,0.70,0.10
97300,28.63,39.58,11.25,0.89,0.94,0.70,0.10
97400,29.81,41.73,11.78,0.89,0.94,0.70,0.10
97500,29.22,40.65,11.51,0.89,0.94,0.70,0.10
97600,28.63,39.58,11.25,0.89,0.94,0.70,0.10
97700,28.63,39.58,11.25,0.89,0.94,0.70,0.10
97800,28.63,39.58,11.25,0.89,0.94,0.70,0.10
97900,28.63,39.58,11.25,0.89,0.94,0.70,0.10
98000,29.81,41.73,11.78,0.89,0.94,0.70,0.10
98100,29.22,40.65,11.51,0.89,0.94,0.70,0.10
98200,28.63,39.58,11.25,0.89,0.94,0.70,0.10
98300,29.81,41.73,11.78,0.89,0.94,0.71,0.10
98400,28.63,39.58,11.25,0.89,0.94,0.71,0.10
98500,29.22,40.65,11.51,0.89,0.94,0.71,0.10
98600,29.81,41.73,11.78,0.89,0.94,0.71,0.10
98700,29.22,40.65,11.51,0.89,0.94,0.71,0.10
98800,29.81,41.73,11.78,0.89,0.94,0.71,0.10
98900,29.22,40.65,11.51,0.89,0.94,0.71,0.10
99000,29.22,40.65,11.51,0.89,0.94,0.71,0.10
99100,29.81,41.73,11.78,0.89,0.94,0.71,0.10
99200,29.81,41.73,11.78,0.89,0.94,0.71,0.10
99300,29.22,40.65,11.51,0.89,0.94,0.71,0.10
99400,30.41,42.82,12.04,0.89,0.94,0.71,0.10
99500,29.81,41.73,11.78,0.89,0.94,0.71,0.10
99600,28.63,39.58,11.25,0.89,0.94,0.71,0.10
99700,29.81,41.73,11.78,0.89,0.94,0.71,0.10
99800,29.81,41.73,11.78,0.89,0.94,0.71,0.10
99900,29.22,40.65,11.51,0.89,0.94,0.71,0.10
100000,30.41,42.82,12.04,0.89,0.94,0.71,0.10
100100,29.81,41.73,11.78,0.89,0.94,0.71,0.10
100200,29.81,41.73,11.78,0.89,0.94,0.71,0.10
100300,29.22,40.65,11.51,0.89,0.94,0.71,0.10
100400,29.81,41.73,11.78,0.89,0.94,0.71,0.10
100500,28.63,39.58,11.25,0.89,0.94,0.71,0.10
100600,28.63,39.58,11.25,0.89,0.94,0.71,0.10
100700,29.22,40.65,11.51,0.89,0.94,0.71,0.10
100800,32.21,46.16,12.86,0.89,0.94,0.71,0.10
100900,28.05,38.52,10.99,0.89,0.94,0.71,0.10
101000,29.81,41.73,11.78,0.89,0.94,0.71,0.10
101100,28.63,39.58,11.25,0.89,0.94,0.71,0.10
101200,29.81,41.73,11.78,0.89,0.94,0.71,0.10
101300,29.22,40.65,11.51,0.89,0.94,0.72,0.10
101400,28.63,39.58,11.25,0.89,0.94,0.71,0.10
101500,29.22,40.65,11.51,0.89,0.94,0.72,0.10
101600,29.22,40.65,11.51,0.89,0.94,0.72,0.10
101700,28.63,39.58,11.25,0.89,0.94,0.72,0.10
101800,29.22,40.65,11.51,0.89,0.94,0.72,0.10
101900,29.22,40.65,11.51,0.89,0.94,0.72,0.10
102000,29.22,40.65,11.51,0.89,0.94,0.71,0.10
102100,31.01,43.92,12.31,0.89,0.94,0.72,0.10
102200,29.81,41.73,11.78,0.89,0.94,0.72,0.10
102300,29.22,40.65,11.51,0.89,0.94,0.72,0.10
102400,29.22,40.65,11.51,0.89,0.94,0.72,0.10
102500,29.81,41.73,11.78,0.89,0.94,0.72,0.10
102600,29.22,40.65,11.51,0.89,0.94,0.72,0.10
102700,29.22,40.65,11.51,0.89,0.94,0.72,0.10
102800,28.63,39.58,11.25,0.89,0.94,0.72,0.10
102900,28.63,39.58,11.25,0.89,0.94,0.72,0.10
103000,29.81,41.73,11.78,0.89,0.94,0.72,0.10
103100,29.22,40.65,11.51,0.89,0.94,0.72,0.10
103200,29.81,41.73,11.78,0.89,0.94,0.72,0.10
103300,29.22,40.65,11.51,0.89,0.94,0.72,0.10
103400,30.41,42.82,12.04,0.89,0.94,0.72,0.10
103500,29.81,41.73,11.78,0.89,0.94,0.72,0.10
103600,29.81,41.73,11.78,0.89,0.94,0.72,0.10
103700,29.22,40.65,11.51,0.89,0.94,0.72,0.10
103800,28.63,39.58,11.25,0.89,0.94,0.72,0.10
103900,29.22,40.65,11.51,0.89,0.94,0.72,0.10
104000,29.81,41.73,11.78,0.89,0.94,0.72,0.10
104100,28.63,39.58,11.25,0.89,0.94,0.72,0.10
104200,29.22,40.65,11.51,0.89,0.94,0.72,0.10
104300,29.81,41.73,11.78,0.89,0.94,0.72,0.10
104400,28.63,39.58,11.25,0.89,0.94,0.72,0.10
104500,28.63,39.58,11.25,0.89,0.94,0.72,0.10
104600,29.81,41.73,11.78,0.89,0.94,0.72,0.10
104700,29.81,41.73,11.78,0.89,0.94,0.72,0.10
104800,30.41,42.82,12.04,0.89,0.94,0.72,0.10
104900,29.81,41.73,11.78,0.89,0.94,0.72,0.10
105000,29.22,40.65,11.51,0.89,0.94,0.72,0.10
105100,29.81,41.73,11.78,0.89,0.94,0.72,0.10
105200,28.63,39.58,11.25,0.89,0.94,0.72,0.10
105300,29.22,40.65,11.51,0.89,0.94,0.72,0.10
105400,29.81,41.73,11.78,0.89,0.94,0.72,0.10
105500,29.81,41.73,11.78,0.89,0.94,0.72,0.10
105600,29.22,40.65,11.51,0.89,0.94,0.72,0.10
105700,29.22,40.65,11.51,0.89,0.94,0.72,0.10
105800,29.81,41.73,11.78,0.89,0.94,0.72,0.10
105900,29.81,41.73,11.78,0.89,0.94,0.72,0.10
106000,29.22,40.65,11.51,0.89,0.94,0.72,0.10
106100,29.81,41.73,11.78,0.89,0.94,0.72,0.10
106200,27.46,37.48,10.73,0.89,0.94,0.72,0.10
106300,28.63,39.58,11.25,0.89,0.93,0.72,0.10
106400,29.22,40.65,11.51,0.89,0.94,0.72,0.10
106500,29.81,41.73,11.78,0.89,0.94,0.72,0.10
106600,29.81,41.73,11.78,0.89,0.94,0.72,0.10
106700,29.22,40.65,11.51,0.89,0.94,0.72,0.10
106800,28.63,39.58,11.25,0.89,0.94,0.72,0.10
106900,29.22,40.65,11.51,0.89,0.94,0.72,0.10
107000,28.63,39.58,11.25,0.89,0.94,0.72,0.10
107100,29.22,40.65,11.51,0.89,0.94,0.72,0.10
107200,29.22,40.65,11.51,0.89,0.94,0.72,0.10
107300,29.22,40.65,11.51,0.89,0.94,0.72,0.10
107400,29.81,41.73,11.78,0.89,0.94,0.72,0.10
107500,29.22,40.65,11.51,0.89,0.94,0.72,0.10
107600,29.22,40.65,11.51,0.89,0.94,0.72,0.10
107700,29.81,41.73,11.78,0.89,0.93,0.72,0.10
107800,28.63,39.58,11.25,0.89,0.94,0.72,0.10
107900,28.63,39.58,11.25,0.89,0.94,0.72,0.10
108000,29.22,40.65,11.51,0.89,0.94,0.72,0.10
108100,28.63,39.58,11.25,0.89,0.94,0.72,0.10
108200,29.22,40.65,11.51,0.89,0.94,0.72,0.10
108300,30.41,42.82,12.04,0.89,0.94,0.72,0.10
108400,28.63,39.58,11.25,0.89,0.94,0.72,0.10
108500,29.81,41.73,11.78,0.89,0.94,0.72,0.10
108600,29.81,41.73,11.78,0.89,0.94,0.72,0.10
108700,29.22,40.65,11.51,0.89,0.93,0.71,0.10
108800,29.22,40.65,11.51,0.89,0.94,0.72,0.10
108900,28.63,39.58,11.25,0.89,0.94,0.71,0.10
109000,28.63,39.58,11.25,0.89,0.94,0.71,0.10
109100,28.63,39.58,11.25,0.89,0.94,0.71,0.10
109200,28.63,39.58,11.25,0.89,0.93,0.71,0.10
109300,28.63,39.58,11.25,0.88,0.94,0.71,0.10
109400,29.22,40.65,11.51,0.88,0.94,0.71,0.10
109500,29.22,40.65,11.51,0.88,0.93,0.71,0.10
109600,28.63,39.58,11.25,0.88,0.94,0.71,0.10
109700,29.81,41.73,11.78,0.88,0.94,0.71,0.10
109800,28.63,39.58,11.25,0.88,0.93,0.71,0.09
109900,28.63,39.58,11.25,0.88,0.93,0.71,0.09
110000,29.22,40.65,11.51,0.88,0.94,0.71,0.09
110100,29.22,40.65,11.51,0.88,0.93,0.71,0.09
110200,29.22,40.65,11.51,0.88,0.93,0.71,0.09
110300,28.63,39.58,11.25,0.88,0.93,0.71,0.09
110400,31.01,43.92,12.31,0.88,0.93,0.71,0.09
110500,28.05,38.52,10.99,0.88,0.93,0.71,0.09
110600,28.63,39.58,11.25,0.88,0.93,0.71,0.09
110700,29.22,40.65,11.51,0.88,0.94,0.71,0.09
110800,28.63,39.58,11.25,0.88,0.93,0.71,0.09
110900,28.63,39.58,11.25,0.88,0.93,0.71,0.09
111000,29.22,40.65,11.51,0.88,0.94,0.71,0.09
111100,29.81,41.73,11.78,0.88,0.93,0.71,0.09
111200,29.81,41.73,11.78,0.88,0.93,0.71,0.09
111300,28.63,39.58,11.25,0.88,0.94,0.71,0.09
111400,28.63,39.58,11.25,0.88,0.93,0.71,0.09
111500,29.22,40.65,11.51,0.88,0.93,0.71,0.09
111600,28.63,39.58,11.25,0.88,0.93,0.71,0.09
111700,28.05,38.52,10.99,0.88,0.93,0.71,0.09
111800,28.05,38.52,10.99,0.88,0.93,0.71,0.09
111900,28.63,39.58,11.25,0.88,0.93,0.71,0.09
112000,28.63,39.58,11.25,0.88,0.93,0.71,0.09
112100,28.63,39.58,11.25,0.88,0.93,0.71,0.09
112200,28.63,39.58,11.25,0.88,0.93,0.71,0.09
112300,28.05,38.52,10.99,0.88,0.93,0.71,0.09
112400,28.05,38.52,10.99,0.88,0.93,0.71,0.09
112500,28.05,38.52,10.99,0.88,0.93,0.71,0.09
112600,28.05,38.52,10.99,0.88,0.93,0.71,0.09
112700,28.05,38.52,10.99,0.88,0.93,0.71,0.09
112800,28.63,39.58,11.25,0.88,0.93,0.71,0.09
112900,28.05,38.52,10.99,0.88,0.93,0.71,0.09
113000,28.63,39.58,11.25,0.88,0.93,0.71,0.09
113100,28.05,38.52,10.99,0.88,0.93,0.71,0.09
113200,29.22,40.65,11.51,0.88,0.93,0.71,0.09
113300,29.22,40.65,11.51,0.88,0.93,0.71,0.09
113400,28.63,39.58,11.25,0.88,0.93,0.71,0.09
113500,28.05,38.52,10.99,0.88,0.93,0.71,0.09
113600,27.46,37.48,10.73,0.88,0.93,0.71,0.09
113700,28.63,39.58,11.25,0.88,0.93,0.71,0.09
113800,28.63,39.58,11.25,0.88,0.93,0.70,0.09
113900,28.05,38.52,10.99,0.88,0.93,0.70,0.09
114000,26.31,35.43,10.22,0.88,0.93,0.70,0.09
114100,29.22,40.65,11.51,0.88,0.93,0.70,0.09
114200,28.05,38.52,10.99,0.88,0.93,0.70,0.09
114300,28.05,38.52,10.99,0.88,0.93,0.70,0.09
114400,28.05,38.52,10.99,0.88,0.93,0.70,0.09
114500,29.22,40.65,11.51,0.88,0.93,0.70,0.09
114600,28.05,38.52,10.99,0.88,0.93,0.70,0.09
114700,28.63,39.58,11.25,0.88,0.93,0.70,0.09
114800,28.63,39.58,11.25,0.88,0.93,0.70,0.09
114900,29.22,40.65,11.51,0.88,0.93,0.70,0.09
115000,28.05,38.52,10.99,0.88,0.93,0.70,0.09
115100,27.46,37.48,10.73,0.88,0.93,0.70,0.09
115200,28.05,38.52,10.99,0.88,0.93,0.70,0.09
115300,28.05,38.52,10.99,0.88,0.93,0.70,0.09
115400,28.63,39.58,11.25,0.88,0.93,0.70,0.09
115500,28.05,38.52,10.99,0.88,0.93,0.70,0.09
115600,28.05,38.52,10.99,0.88,0.93,0.70,0.09
115700,28.63,39.58,11.25,0.88,0.93,0.70,0.09
115800,29.22,40.65,11.51,0.88,0.93,0.70,0.09
115900,28.63,39.58,11.25,0.88,0.93,0.70,0.09
116000,27.46,37.48,10.73,0.88,0.93,0.70,0.09
116100,28.63,39.58,11.25,0.88,0.93,0.70,0.09
116200,29.22,40.65,11.51,0.87,0.93,0.70,0.09
116300,28.05,38.52,10.99,0.88,0.93,0.70,0.09
116400,29.22,40.65,11.51,0.88,0.93,0.70,0.09
116500,28.05,38.52,10.99,0.88,0.93,0.70,0.09
116600,28.05,38.52,10.99,0.88,0.93,0.70,0.09
116700,27.46,37.48,10.73,0.87,0.93,0.70,0.09
116800,27.46,37.48,10.73,0.88,0.93,0.70,0.09
116900,27.46,37.48,10.73,0.88,0.93,0.70,0.09
117000,27.46,37.48,10.73,0.88,0.93,0.70,0.09
117100,27.46,37.48,10.73,0.88,0.93,0.70,0.09
117200,29.81,41.73,11.78,0.88,0.93,0.70,0.09
117300,28.63,39.58,11.25,0.87,0.93,0.70,0.09
117400,28.05,38.52,10.99,0.88,0.93,0.70,0.09
117500,28.05,38.52,10.99,0.88,0.93,0.70,0.09
117600,28.63,39.58,11.25,0.87,0.93,0.70,0.09
117700,29.22,40.65,11.51,0.87,0.93,0.69,0.09
117800,27.46,37.48,10.73,0.87,0.93,0.70,0.09
117900,27.46,37.48,10.73,0.87,0.93,0.70,0.09
118000,28.05,38.52,10.99,0.87,0.93,0.69,0.09
118100,28.05,38.52,10.99,0.87,0.93,0.69,0.09
118200,27.46,37.48,10.73,0.87,0.93,0.69,0.09
118300,27.46,37.48,10.73,0.87,0.93,0.69,0.09
118400,26.89,36.45,10.47,0.87,0.93,0.69,0.09
118500,26.89,36.45,10.47,0.87,0.93,0.69,0.09
118600,27.46,37.48,10.73,0.87,0.93,0.69,0.09
118700,26.89,36.45,10.47,0.87,0.93,0.69,0.09
118800,27.46,37.48,10.73,0.87,0.93,0.69,0.09
118900,27.46,37.48,10.73,0.87,0.93,0.69,0.09
119000,28.05,38.52,10.99,0.87,0.93,0.69,0.09
119100,26.89,36.45,10.47,0.87,0.93,0.69,0.09
119200,26.89,36.45,10.47,0.87,0.93,0.69,0.09
119300,27.46,37.48,10.73,0.87,0.93,0.69,0.09
119400,26.89,36.45,10.47,0.87,0.93,0.69,0.09
119500,27.46,37.48,10.73,0.87,0.93,0.69,0.09
119600,27.46,37.48,10.73,0.87,0.93,0.69,0.09
119700,26.89,36.45,10.47,0.87,0.93,0.69,0.09
119800,26.89,36.45,10.47,0.87,0.93,0.69,0.09
119900,26.89,36.45,10.47,0.87,0.93,0.69,0.09
120000,26.89,36.45,10.47,0.87,0.93,0.69,0.09
120100,28.05,38.52,10.99,0.87,0.93,0.69,0.09
120200,27.46,37.48,10.73,0.87,0.93,0.69,0.09
120300,26.89,36.45,10.47,0.87,0.93,0.69,0.09
120400,26.31,35.43,10.22,0.87,0.93,0.69,0.09
120500,26.89,36.45,10.47,0.87,0.93,0.69,0.09
120600,26.31,35.43,10.22,0.87,0.93,0.69,0.09
120700,27.46,37.48,10.73,0.87,0.93,0.69,0.09
120800,26.89,36.45,10.47,0.87,0.93,0.69,0.09
120900,26.31,35.43,10.22,0.87,0.93,0.69,0.09
121000,26.89,36.45,10.47,0.87,0.93,0.69,0.09
121100,25.73,34.42,9.97,0.87,0.93,0.69,0.09
121200,26.31,35.43,10.22,0.87,0.93,0.69,0.09
121300,26.31,35.43,10.22,0.87,0.93,0.69,0.09
121400,26.31,35.43,10.22,0.87,0.93,0.69,0.09
121500,26.31,35.43,10.22,0.87,0.93,0.69,0.09
121600,26.31,35.43,10.22,0.87,0.93,0.69,0.09
121700,26.31,35.43,10.22,0.87,0.93,0.69,0.09
121800,26.31,35.43,10.22,0.87,0.93,0.69,0.08
121900,26.31,35.43,10.22,0.87,0.93,0.69,0.09
122000,26.31,35.43,10.22,0.87,0.93,0.69,0.08
122100,28.63,39.58,11.25,0.87,0.93,0.69,0.09
122200,26.31,35.43,10.22,0.87,0.93,0.69,0.09
122300,26.89,36.45,10.47,0.87,0.93,0.69,0.09
122400,26.89,36.45,10.47,0.87,0.93,0.69,0.09
122500,26.89,36.45,10.47,0.87,0.93,0.69,0.08
122600,28.05,38.52,10.99,0.87,0.93,0.69,0.08
122700,26.31,35.43,10.22,0.87,0.93,0.69,0.08
122800,26.89,36.45,10.47,0.87,0.93,0.69,0.08
122900,26.31,35.43,10.22,0.87,0.93,0.69,0.08
123000,26.31,35.43,10.22,0.87,0.93,0.69,0.08
123100,27.46,37.48,10.73,0.87,0.93,0.69,0.08
123200,27.46,37.48,10.73,0.87,0.93,0.69,0.08
123300,26.31,35.43,10.22,0.87,0.93,0.69,0.08
123400,25.73,34.42,9.97,0.87,0.93,0.69,0.08
123500,27.46,37.48,10.73,0.87,0.93,0.69,0.08
123600,26.31,35.43,10.22,0.87,0.93,0.69,0.08
123700,26.31,35.43,10.22,0.87,0.93,0.69,0.08
123800,26.31,35.43,10.22,0.87,0.93,0.69,0.08
123900,26.31,35.43,10.22,0.87,0.93,0.68,0.08
124000,26.89,36.45,10.47,0.87,0.93,0.68,0.08
124100,26.89,36.45,10.47,0.87,0.93,0.68,0.08
124200,26.89,36.45,10.47,0.87,0.93,0.68,0.08
124300,28.63,39.58,11.25,0.87,0.93,0.68,0.08
124400,25.73,34.42,9.97,0.87,0.93,0.68,0.08
124500,25.73,34.42,9.97,0.87,0.93,0.68,0.08
124600,26.89,36.45,10.47,0.87,0.93,0.68,0.08
124700,26.31,35.43,10.22,0.87,0.93,0.68,0.09
124800,25.73,34.42,9.97,0.87,0.93,0.68,0.08
124900,25.73,34.42,9.97,0.87,0.93,0.68,0.08
125000,25.16,33.43,9.72,0.87,0.93,0.68,0.09
125100,26.89,36.45,10.47,0.87,0.93,0.68,0.08
125200,26.31,35.43,10.22,0.87,0.93,0.68,0.09
125300,26.31,35.43,10.22,0.87,0.93,0.68,0.09
125400,26.31,35.43,10.22,0.87,0.93,0.68,0.09
125500,26.31,35.43,10.22,0.87,0.93,0.69,0.09
125600,25.73,34.42,9.97,0.87,0.93,0.68,0.09
125700,25.73,34.42,9.97,0.87,0.93,0.69,0.09
125800,26.89,36.45,10.47,0.87,0.93,0.69,0.09
125900,25.73,34.42,9.97,0.88,0.93,0.69,0.09
126000,25.73,34.42,9.97,0.88,0.93,0.69,0.09
126100,25.73,34.42,9.97,0.88,0.93,0.69,0.09
126200,26.31,35.43,10.22,0.88,0.93,0.69,0.09
126300,25.73,34.42,9.97,0.88,0.93,0.69,0.09
126400,25.73,34.42,9.97,0.88,0.93,0.69,0.09
126500,26.31,35.43,10.22,0.88,0.93,0.69,0.09
126600,27.46,37.48,10.73,0.88,0.93,0.69,0.09
126700,26.89,36.45,10.47,0.88,0.93,0.69,0.09
126800,25.73,34.42,9.97,0.88,0.93,0.69,0.09
126900,25.73,34.42,9.97,0.88,0.93,0.69,0.09
127000,28.05,38.52,10.99,0.88,0.93,0.69,0.09
127100,26.89,36.45,10.47,0.88,0.93,0.69,0.09
127200,27.46,37.48,10.73,0.88,0.93,0.69,0.09
127300,25.73,34.42,9.97,0.88,0.93,0.69,0.09
127400,26.89,36.45,10.47,0.88,0.93,0.69,0.09
127500,26.31,35.43,10.22,0.88,0.93,0.69,0.09
127600,26.31,35.43,10.22,0.88,0.93,0.69,0.09
127700,26.89,36.45,10.47,0.88,0.93,0.69,0.09
127800,26.89,36.45,10.47,0.88,0.93,0.69,0.09
127900,26.31,35.43,10.22,0.88,0.93,0.69,0.09
128000,26.89,36.45,10.47,0.88,0.93,0.69,0.09
128100,27.46,37.48,10.73,0.88,0.93,0.69,0.09
128200,28.63,39.58,11.25,0.88,0.93,0.70,0.09
128300,28.05,38.52,10.99,0.88,0.93,0.70,0.09
128400,26.31,35.43,10.22,0.88,0.93,0.70,0.09
128500,26.89,36.45,10.47,0.88,0.93,0.70,0.09
128600,27.46,37.48,10.73,0.88,0.93,0.70,0.09
128700,28.63,39.58,11.25,0.88,0.93,0.70,0.09
128800,27.46,37.48,10.73,0.88,0.93,0.70,0.09
128900,25.73,34.42,9.97,0.88,0.93,0.70,0.09
129000,28.05,38.52,10.99,0.88,0.93,0.70,0.09
129100,26.31,35.43,10.22,0.88,0.93,0.70,0.09
129200,27.46,37.48,10.73,0.88,0.93,0.70,0.09
129300,26.31,35.43,10.22,0.88,0.93,0.70,0.09
129400,29.22,40.65,11.51,0.88,0.93,0.70,0.09
129500,27.46,37.48,10.73,0.88,0.93,0.70,0.09
129600,26.31,35.43,10.22,0.88,0.93,0.70,0.09
129700,25.73,34.42,9.97,0.88,0.93,0.70,0.09
129800,26.31,35.43,10.22,0.88,0.93,0.70,0.09
129900,26.31,35.43,10.22,0.88,0.93,0.70,0.09
130000,26.31,35.43,10.22,0.88,0.93,0.70,0.09
130100,26.31,35.43,10.22,0.88,0.93,0.70,0.09
130200,26.31,35.43,10.22,0.88,0.93,0.70,0.09
130300,27.46,37.48,10.73,0.88,0.93,0.70,0.09
130400,26.31,35.43,10.22,0.88,0.93,0.70,0.09
130500,26.31,35.43,10.22,0.88,0.93,0.70,0.09
130600,27.46,37.48,10.73,0.88,0.93,0.70,0.09
130700,28.05,38.52,10.99,0.88,0.93,0.70,0.09
130800,27.46,37.48,10.73,0.88,0.93,0.70,0.09
130900,26.31,35.43,10.22,0.88,0.93,0.70,0.09
131000,26.89,36.45,10.47,0.88,0.93,0.70,0.09
131100,26.89,36.45,10.47,0.88,0.93,0.70,0.09
131200,26.89,36.45,10.47,0.88,0.93,0.70,0.09
131300,26.31,35.43,10.22,0.88,0.93,0.70,0.09
131400,27.46,37.48,10.73,0.88,0.93,0.70,0.09
131500,28.63,39.58,11.25,0.88,0.93,0.70,0.09
131600,27.46,37.48,10.73,0.88,0.93,0.70,0.09
131700,26.31,35.43,10.22,0.88,0.93,0.70,0.09
131800,26.89,36.45,10.47,0.88,0.93,0.70,0.09
131900,26.89,36.45,10.47,0.88,0.93,0.70,0.09
132000,26.31,35.43,10.22,0.88,0.93,0.70,0.09
132100,26.31,35.43,10.22,0.88,0.93,0.70,0.09
132200,25.73,34.42,9.97,0.88,0.93,0.70,0.09
132300,26.89,36.45,10.47,0.88,0.93,0.70,0.09
132400,26.89,36.45,10.47,0.88,0.93,0.70,0.09
132500,26.31,35.43,10.22,0.88,0.93,0.70,0.09
132600,26.31,35.43,10.22,0.88,0.93,0.70,0.09
132700,26.31,35.43,10.22,0.88,0.93,0.70,0.09
132800,25.73,34.42,9.97,0.88,0.93,0.70,0.09
132900,26.31,35.43,10.22,0.88,0.93,0.70,0.09
133000,27.46,37.48,10.73,0.88,0.93,0.70,0.09
133100,28.05,38.52,10.99,0.88,0.93,0.70,0.09
133200,27.46,37.48,10.73,0.88,0.93,0.70,0.09
133300,28.05,38.52,10.99,0.88,0.93,0.70,0.09
133400,27.46,37.48,10.73,0.88,0.93,0.70,0.09
133500,26.89,36.45,10.47,0.88,0.93,0.70,0.09
133600,26.31,35.43,10.22,0.88,0.93,0.70,0.09
133700,26.31,35.43,10.22,0.88,0.93,0.70,0.09
133800,26.89,36.45,10.47,0.88,0.93,0.70,0.09
133900,27.46,37.48,10.73,0.88,0.93,0.70,0.09
134000,27.46,37.48,10.73,0.88,0.93,0.70,0.09
134100,26.89,36.45,10.47,0.88,0.93,0.70,0.09
134200,26.31,35.43,10.22,0.88,0.93,0.70,0.09
134300,26.31,35.43,10.22,0.88,0.93,0.70,0.09
134400,26.89,36.45,10.47,0.88,0.92,0.70,0.09
134500,26.31,35.43,10.22,0.88,0.93,0.70,0.09
134600,26.31,35.43,10.22,0.88,0.93,0.70,0.09
134700,26.31,35.43,10.22,0.88,0.93,0.70,0.09
134800,27.46,37.48,10.73,0.88,0.93,0.70,0.09
134900,26.89,36.45,10.47,0.88,0.93,0.70,0.09
135000,26.89,36.45,10.47,0.88,0.93,0.70,0.09
135100,26.89,36.45,10.47,0.88,0.93,0.70,0.09
135200,28.63,39.58,11.25,0.88,0.93,0.70,0.09
135300,26.31,35.43,10.22,0.88,0.93,0.70,0.09
135400,28.63,39.58,11.25,0.88,0.93,0.69,0.09
135500,28.63,39.58,11.25,0.88,0.93,0.69,0.09
135600,26.31,35.43,10.22,0.88,0.93,0.69,0.09
135700,26.31,35.43,10.22,0.88,0.93,0.69,0.09
135800,25.73,34.42,9.97,0.88,0.92,0.69,0.09
135900,26.31,35.43,10.22,0.88,0.93,0.69,0.09
136000,25.73,34.42,9.97,0.88,0.93,0.69,0.09
136100,25.73,34.42,9.97,0.88,0.93,0.69,0.09
136200,25.73,34.42,9.97,0.88,0.93,0.69,0.09
136300,25.16,33.43,9.72,0.88,0.93,0.69,0.09
136400,26.31,35.43,10.22,0.88,0.93,0.69,0.09
136500,26.89,36.45,10.47,0.88,0.93,0.69,0.09
136600,25.73,34.42,9.97,0.88,0.93,0.69,0.09
136700,25.73,34.42,9.97,0.88,0.93,0.69,0.09
136800,27.46,37.48,10.73,0.88,0.93,0.69,0.09
136900,26.31,35.43,10.22,0.88,0.93,0.69,0.09
137000,25.73,34.42,9.97,0.88,0.93,0.69,0.09
137100,26.31,35.43,10.22,0.88,0.93,0.69,0.09
137200,26.31,35.43,10.22,0.88,0.93,0.69,0.09
137300,25.73,34.42,9.97,0.88,0.93,0.69,0.09
137400,25.73,34.42,9.97,0.87,0.93,0.69,0.09
137500,25.73,34.42,9.97,0.88,0.93,0.69,0.09
137600,26.89,36.45,10.47,0.88,0.93,0.69,0.09
137700,26.31,35.43,10.22,0.87,0.93,0.69,0.09
137800,26.89,36.45,10.47,0.87,0.93,0.69,0.09
137900,26.31,35.43,10.22,0.87,0.93,0.69,0.09
138000,26.89,36.45,10.47,0.87,0.93,0.69,0.09
138100,25.73,34.42,9.97,0.87,0.92,0.69,0.09
138200,26.89,36.45,10.47,0.87,0.93,0.69,0.09
138300,28.05,38.52,10.99,0.87,0.93,0.69,0.09
138400,26.89,36.45,10.47,0.87,0.93,0.69,0.09
138500,25.73,34.42,9.97,0.87,0.93,0.69,0.09
138600,25.73,34.42,9.97,0.87,0.93,0.69,0.09
138700,25.73,34.42,9.97,0.87,0.93,0.69,0.09
138800,26.31,35.43,10.22,0.87,0.93,0.69,0.09
138900,26.31,35.43,10.22,0.87,0.93,0.69,0.09
139000,25.73,34.42,9.97,0.87,0.93,0.69,0.09
139100,25.73,34.42,9.97,0.87,0.93,0.69,0.09
139200,25.73,34.42,9.97,0.87,0.93,0.69,0.09
139300,26.31,35.43,10.22,0.87,0.93,0.69,0.09
139400,26.31,35.43,10.22,0.87,0.93,0.69,0.09
139500,25.16,33.43,9.72,0.87,0.93,0.69,0.09
139600,26.89,36.45,10.47,0.87,0.93,0.69,0.09
139700,25.73,34.42,9.97,0.87,0.92,0.69,0.09
139800,25.73,34.42,9.97,0.87,0.93,0.69,0.09
139900,25.73,34.42,9.97,0.87,0.93,0.69,0.09
140000,25.73,34.42,9.97,0.87,0.93,0.69,0.09
140100,26.31,35.43,10.22,0.87,0.92,0.69,0.09
140200,25.73,34.42,9.97,0.87,0.93,0.69,0.09
140300,26.31,35.43,10.22,0.87,0.93,0.69,0.09
140400,25.73,34.42,9.97,0.87,0.93,0.69,0.09
140500,25.73,34.42,9.97,0.87,0.93,0.69,0.09
140600,26.31,35.43,10.22,0.87,0.93,0.69,0.09
140700,26.89,36.45,10.47,0.87,0.93,0.69,0.09
140800,25.73,34.42,9.97,0.87,0.93,0.69,0.09
140900,26.31,35.43,10.22,0.87,0.93,0.69,0.09
141000,26.31,35.43,10.22,0.87,0.93,0.68,0.09
141100,26.31,35.43,10.22,0.87,0.93,0.69,0.09
141200,26.31,35.43,10.22,0.87,0.93,0.68,0.09
141300,25.73,34.42,9.97,0.87,0.93,0.68,0.09
141400,26.31,35.43,10.22,0.87,0.93,0.68,0.09
141500,26.31,35.43,10.22,0.87,0.93,0.68,0.08
141600,26.31,35.43,10.22,0.87,0.93,0.68,0.08
141700,26.31,35.43,10.22,0.87,0.93,0.68,0.08
141800,25.16,33.43,9.72,0.87,0.93,0.68,0.08
141900,25.73,34.42,9.97,0.87,0.93,0.68,0.08
142000,25.73,34.42,9.97,0.87,0.93,0.68,0.08
142100,26.31,35.43,10.22,0.87,0.93,0.68,0.09
142200,26.31,35.43,10.22,0.87,0.93,0.68,0.08
142300,26.31,35.43,10.22,0.87,0.93,0.68,0.08
142400,25.16,33.43,9.72,0.87,0.93,0.68,0.08
142500,27.46,37.48,10.73,0.87,0.93,0.68,0.08
142600,25.73,34.42,9.97,0.87,0.93,0.68,0.08
142700,25.16,33.43,9.72,0.87,0.93,0.68,0.08
142800,25.16,33.43,9.72,0.87,0.93,0.68,0.08
142900,26.31,35.43,10.22,0.87,0.92,0.68,0.08
143000,25.73,34.42,9.97,0.87,0.93,0.68,0.08
143100,25.16,33.43,9.72,0.87,0.93,0.68,0.08
143200,25.16,33.43,9.72,0.87,0.93,0.68,0.08
143300,25.73,34.42,9.97,0.87,0.92,0.68,0.08
143400,26.31,35.43,10.22,0.87,0.93,0.68,0.08
143500,25.73,34.42,9.97,0.87,0.93,0.68,0.08
143600,26.31,35.43,10.22,0.87,0.93,0.68,0.08
143700,26.31,35.43,10.22,0.87,0.92,0.68,0.08
143800,25.73,34.42,9.97,0.87,0.92,0.68,0.08
143900,26.31,35.43,10.22,0.87,0.93,0.68,0.08
144000,26.31,35.43,10.22,0.87,0.92,0.68,0.08
144100,25.73,34.42,9.97,0.87,0.92,0.68,0.08
144200,25.16,33.43,9.72,0.87,0.92,0.68,0.08
144300,25.73,34.42,9.97,0.87,0.93,0.68,0.08
144400,26.89,36.45,10.47,0.87,0.92,0.68,0.08
144500,26.31,35.43,10.22,0.87,0.92,0.68,0.08
144600,26.31,35.43,10.22,0.87,0.92,0.68,0.08
144700,25.16,33.43,9.72,0.87,0.92,0.68,0.08
144800,26.31,35.43,10.22,0.87,0.93,0.68,0.08
144900,26.31,35.43,10.22,0.87,0.92,0.68,0.08
145000,26.31,35.43,10.22,0.87,0.92,0.68,0.08
145100,25.73,34.42,9.97,0.87,0.92,0.67,0.08
145200,25.73,34.42,9.97,0.87,0.92,0.68,0.08
145300,26.31,35.43,10.22,0.87,0.92,0.68,0.08
145400,25.73,34.42,9.97,0.87,0.92,0.68,0.08
145500,25.73,34.42,9.97,0.87,0.92,0.68,0.08
145600,25.73,34.42,9.97,0.87,0.93,0.67,0.08
145700,25.16,33.43,9.72,0.87,0.92,0.67,0.08
145800,24.60,32.45,9.47,0.87,0.92,0.67,0.08
145900,31.01,43.92,12.31,0.87,0.92,0.67,0.08
146000,24.03,31.48,9.22,0.87,0.92,0.67,0.08
146100,24.60,32.45,9.47,0.87,0.92,0.67,0.08
146200,24.03,31.48,9.22,0.87,0.92,0.67,0.08
146300,24.60,32.45,9.47,0.87,0.92,0.67,0.08
146400,24.03,31.48,9.22,0.87,0.92,0.67,0.08
146500,24.03,31.48,9.22,0.87,0.93,0.67,0.08
146600,24.03,31.48,9.22,0.87,0.92,0.67,0.08
146700,24.60,32.45,9.47,0.87,0.92,0.67,0.08
146800,24.03,31.48,9.22,0.87,0.92,0.67,0.08
146900,24.60,32.45,9.47,0.87,0.92,0.67,0.08
147000,24.03,31.48,9.22,0.87,0.92,0.67,0.08
147100,24.60,32.45,9.47,0.87,0.92,0.67,0.08
147200,24.03,31.48,9.22,0.87,0.92,0.67,0.08
147300,24.03,31.48,9.22,0.87,0.92,0.67,0.08
147400,24.60,32.45,9.47,0.87,0.92,0.67,0.08
147500,24.60,32.45,9.47,0.87,0.92,0.67,0.08
147600,24.03,31.48,9.22,0.87,0.92,0.67,0.08
147700,24.60,32.45,9.47,0.87,0.92,0.67,0.08
147800,24.03,31.48,9.22,0.87,0.93,0.67,0.08
147900,24.60,32.45,9.47,0.87,0.93,0.67,0.08
148000,24.03,31.48,9.22,0.87,0.93,0.67,0.08
148100,24.60,32.45,9.47,0.87,0.92,0.67,0.08
148200,24.03,31.48,9.22,0.87,0.92,0.66,0.08
148300,24.60,32.45,9.47,0.87,0.92,0.66,0.08
148400,24.60,32.45,9.47,0.87,0.92,0.66,0.08
148500,24.03,31.48,9.22,0.86,0.92,0.66,0.08
148600,23.47,30.52,8.98,0.87,0.92,0.66,0.08
148700,23.47,30.52,8.98,0.87,0.92,0.66,0.08
148800,23.47,30.52,8.98,0.86,0.92,0.66,0.08
148900,22.91,29.57,8.74,0.86,0.92,0.66,0.08
149000,23.47,30.52,8.98,0.86,0.92,0.66,0.08
149100,24.60,32.45,9.47,0.86,0.92,0.66,0.08
149200,24.60,32.45,9.47,0.86,0.92,0.66,0.08
149300,23.47,30.52,8.98,0.87,0.92,0.66,0.08
149400,22.36,28.64,8.50,0.87,0.92,0.66,0.08
149500,24.03,31.48,9.22,0.86,0.92,0.66,0.08
149600,24.60,32.45,9.47,0.87,0.92,0.66,0.08
149700,24.03,31.48,9.22,0.86,0.92,0.66,0.08
149800,24.60,32.45,9.47,0.86,0.92,0.66,0.08
149900,24.60,32.45,9.47,0.87,0.92,0.66,0.08
150000,24.60,32.45,9.47,0.87,0.92,0.66,0.08
150100,24.60,32.45,9.47,0.87,0.92,0.66,0.08
150200,24.60,32.45,9.47,0.87,0.92,0.66,0.08
150300,25.16,33.43,9.72,0.87,0.92,0.66,0.08
150400,24.03,31.48,9.22,0.87,0.92,0.66,0.08
150500,23.47,30.52,8.98,0.87,0.92,0.66,0.08
150600,23.47,30.52,8.98,0.87,0.92,0.66,0.08
150700,23.47,30.52,8.98,0.87,0.92,0.66,0.08
150800,24.60,32.45,9.47,0.87,0.92,0.66,0.08
150900,25.16,33.43,9.72,0.87,0.92,0.66,0.08
151000,23.47,30.52,8.98,0.87,0.92,0.66,0.08
151100,23.47,30.52,8.98,0.87,0.92,0.66,0.08
151200,23.47,30.52,8.98,0.87,0.92,0.66,0.08
151300,24.03,31.48,9.22,0.87,0.92,0.66,0.08
151400,24.60,32.45,9.47,0.87,0.92,0.66,0.08
151500,25.16,33.43,9.72,0.87,0.92,0.66,0.08
151600,23.47,30.52,8.98,0.87,0.92,0.66,0.08
151700,25.16,33.43,9.72,0.87,0.92,0.66,0.08
151800,24.03,31.48,9.22,0.87,0.92,0.66,0.08
151900,23.47,30.52,8.98,0.87,0.92,0.66,0.08
152000,23.47,30.52,8.98,0.87,0.92,0.66,0.08
152100,23.47,30.52,8.98,0.87,0.92,0.66,0.08
152200,24.03,31.48,9.22,0.87,0.92,0.66,0.08
152300,23.47,30.52,8.98,0.87,0.92,0.66,0.08
152400,23.47,30.52,8.98,0.87,0.92,0.66,0.08
152500,23.47,30.52,8.98,0.87,0.92,0.66,0.08
152600,24.03,31.48,9.22,0.87,0.92,0.66,0.08
152700,23.47,30.52,8.98,0.87,0.92,0.66,0.08
152800,23.47,30.52,8.98,0.87,0.92,0.66,0.08
152900,24.03,31.48,9.22,0.87,0.92,0.66,0.08
153000,24.03,31.48,9.22,0.87,0.92,0.66,0.08
153100,23.47,30.52,8.98,0.87,0.92,0.66,0.08
153200,23.47,30.52,8.98,0.87,0.92,0.66,0.08
153300,23.47,30.52,8.98,0.87,0.92,0.66,0.08
153400,22.91,29.57,8.74,0.87,0.92,0.66,0.08
153500,23.47,30.52,8.98,0.87,0.92,0.66,0.08
153600,25.73,34.42,9.97,0.87,0.92,0.66,0.08
153700,23.47,30.52,8.98,0.87,0.92,0.66,0.08